date,code,faction,long,short,net
20260514,AL,杭州帮(永安),22752.0,13757.0,8995.0
20260514,AL,外资(高盛+摩根),10743.0,11411.0,-668.0
20260514,AL,主力(国君+东证+中财),111458.0,83212.0,28246.0
20260514,AL,偏产业(金瑞+五矿+光大),23744.0,13587.0,10157.0
20260515,AL,杭州帮(永安),22164.0,13941.0,8223.0
20260515,AL,外资(高盛+摩根),9866.0,13979.0,-4113.0
20260515,AL,主力(国君+东证+中财),108057.0,83434.0,24623.0
20260515,AL,偏产业(金瑞+五矿+光大),25834.0,10219.0,15615.0
20260518,AL,杭州帮(永安),20721.0,13669.0,7052.0
20260518,AL,外资(高盛+摩根),7429.0,15080.0,-7651.0
20260518,AL,主力(国君+东证+中财),103790.0,83949.0,19841.0
20260518,AL,偏产业(金瑞+五矿+光大),26971.0,10114.0,16857.0
20260519,AL,杭州帮(永安),20486.0,13604.0,6882.0
20260519,AL,外资(高盛+摩根),7102.0,14120.0,-7018.0
20260519,AL,主力(国君+东证+中财),107351.0,83367.0,23984.0
20260519,AL,偏产业(金瑞+五矿+光大),26127.0,13392.0,12735.0
20260520,AL,杭州帮(永安),19672.0,13722.0,5950.0
20260520,AL,外资(高盛+摩根),3261.0,14030.0,-10769.0
20260520,AL,主力(国君+东证+中财),106911.0,82384.0,24527.0
20260520,AL,偏产业(金瑞+五矿+光大),26881.0,13539.0,13342.0
20260521,AL,杭州帮(永安),20098.0,13753.0,6345.0
20260521,AL,外资(高盛+摩根),3589.0,12471.0,-8882.0
20260521,AL,主力(国君+东证+中财),105167.0,75953.0,29214.0
20260521,AL,偏产业(金瑞+五矿+光大),28321.0,10658.0,17663.0
20260522,AL,杭州帮(永安),19987.0,13636.0,6351.0
20260522,AL,外资(高盛+摩根),3839.0,10412.0,-6573.0
20260522,AL,主力(国君+东证+中财),107910.0,74288.0,33622.0
20260522,AL,偏产业(金瑞+五矿+光大),26375.0,10569.0,15806.0
20260525,AL,杭州帮(永安),17221.0,13055.0,4166.0
20260525,AL,外资(高盛+摩根),3721.0,10443.0,-6722.0
20260525,AL,主力(国君+东证+中财),106839.0,71256.0,35583.0
20260525,AL,偏产业(金瑞+五矿+光大),23352.0,10161.0,13191.0
20260526,AL,杭州帮(永安),16568.0,12743.0,3825.0
20260526,AL,外资(高盛+摩根),0.0,0.0,0.0
20260526,AL,主力(国君+东证+中财),105701.0,66115.0,39586.0
20260526,AL,偏产业(金瑞+五矿+光大),24465.0,12371.0,12094.0
20260527,AL,杭州帮(永安),17164.0,12318.0,4846.0
20260527,AL,外资(高盛+摩根),0.0,0.0,0.0
20260527,AL,主力(国君+东证+中财),101813.0,65056.0,36757.0
20260527,AL,偏产业(金瑞+五矿+光大),26476.0,9379.0,17097.0
20260528,AL,杭州帮(永安),15215.0,13008.0,2207.0
20260528,AL,外资(高盛+摩根),0.0,0.0,0.0
20260528,AL,主力(国君+东证+中财),100980.0,69366.0,31614.0
20260528,AL,偏产业(金瑞+五矿+光大),20322.0,8597.0,11725.0
20260529,AL,杭州帮(永安),16079.0,13044.0,3035.0
20260529,AL,外资(高盛+摩根),0.0,0.0,0.0
20260529,AL,主力(国君+东证+中财),101391.0,68942.0,32449.0
20260529,AL,偏产业(金瑞+五矿+光大),19677.0,9474.0,10203.0
20260601,AL,杭州帮(永安),16490.0,12820.0,3670.0
20260601,AL,外资(高盛+摩根),0.0,0.0,0.0
20260601,AL,主力(国君+东证+中财),101719.0,65994.0,35725.0
20260601,AL,偏产业(金瑞+五矿+光大),20412.0,9147.0,11265.0
20260602,AL,杭州帮(永安),16335.0,11760.0,4575.0
20260602,AL,外资(高盛+摩根),0.0,0.0,0.0
20260602,AL,主力(国君+东证+中财),109553.0,57056.0,52497.0
20260602,AL,偏产业(金瑞+五矿+光大),12954.0,8230.0,4724.0
20260603,AL,杭州帮(永安),16467.0,10835.0,5632.0
20260603,AL,外资(高盛+摩根),0.0,0.0,0.0
20260603,AL,主力(国君+东证+中财),101532.0,59226.0,42306.0
20260603,AL,偏产业(金瑞+五矿+光大),13437.0,8953.0,4484.0
20260604,AL,杭州帮(永安),16189.0,10690.0,5499.0
20260604,AL,外资(高盛+摩根),0.0,0.0,0.0
20260604,AL,主力(国君+东证+中财),94941.0,66874.0,28067.0
20260604,AL,偏产业(金瑞+五矿+光大),20649.0,9116.0,11533.0
20260605,AL,杭州帮(永安),13594.0,10623.0,2971.0
20260605,AL,外资(高盛+摩根),0.0,0.0,0.0
20260605,AL,主力(国君+东证+中财),96184.0,73439.0,22745.0
20260605,AL,偏产业(金瑞+五矿+光大),20395.0,10953.0,9442.0
20260608,AL,杭州帮(永安),12259.0,9717.0,2542.0
20260608,AL,外资(高盛+摩根),0.0,0.0,0.0
20260608,AL,主力(国君+东证+中财),93234.0,76005.0,17229.0
20260608,AL,偏产业(金瑞+五矿+光大),26089.0,10337.0,15752.0
20260609,AL,杭州帮(永安),12070.0,12579.0,-509.0
20260609,AL,外资(高盛+摩根),0.0,0.0,0.0
20260609,AL,主力(国君+东证+中财),94834.0,79735.0,15099.0
20260609,AL,偏产业(金瑞+五矿+光大),26215.0,11093.0,15122.0
20260610,AL,杭州帮(永安),13178.0,12788.0,390.0
20260610,AL,外资(高盛+摩根),0.0,0.0,0.0
20260610,AL,主力(国君+东证+中财),92945.0,82584.0,10361.0
20260610,AL,偏产业(金瑞+五矿+光大),27420.0,7347.0,20073.0
20260611,AL,杭州帮(永安),14016.0,12651.0,1365.0
20260611,AL,外资(高盛+摩根),0.0,0.0,0.0
20260611,AL,主力(国君+东证+中财),93948.0,82193.0,11755.0
20260611,AL,偏产业(金瑞+五矿+光大),26734.0,11714.0,15020.0
20260612,AL,杭州帮(永安),16861.0,12825.0,4036.0
20260612,AL,外资(高盛+摩根),0.0,0.0,0.0
20260612,AL,主力(国君+东证+中财),91517.0,78916.0,12601.0
20260612,AL,偏产业(金瑞+五矿+光大),22590.0,10133.0,12457.0
20260615,AL,杭州帮(永安),14694.0,12637.0,2057.0
20260615,AL,外资(高盛+摩根),0.0,0.0,0.0
20260615,AL,主力(国君+东证+中财),95254.0,76963.0,18291.0
20260615,AL,偏产业(金瑞+五矿+光大),19396.0,10747.0,8649.0
20260616,AL,杭州帮(永安),12003.0,13944.0,-1941.0
20260616,AL,外资(高盛+摩根),0.0,0.0,0.0
20260616,AL,主力(国君+东证+中财),94928.0,91117.0,3811.0
20260616,AL,偏产业(金瑞+五矿+光大),18104.0,9692.0,8412.0
20260617,AL,杭州帮(永安),11889.0,14772.0,-2883.0
20260617,AL,外资(高盛+摩根),0.0,0.0,0.0
20260617,AL,主力(国君+东证+中财),94345.0,83815.0,10530.0
20260617,AL,偏产业(金瑞+五矿+光大),17956.0,10655.0,7301.0
20260618,AL,杭州帮(永安),11669.0,14563.0,-2894.0
20260618,AL,外资(高盛+摩根),0.0,0.0,0.0
20260618,AL,主力(国君+东证+中财),93553.0,79485.0,14068.0
20260618,AL,偏产业(金瑞+五矿+光大),20381.0,10833.0,9548.0
20260622,AL,杭州帮(永安),11128.0,14554.0,-3426.0
20260622,AL,外资(高盛+摩根),0.0,0.0,0.0
20260622,AL,主力(国君+东证+中财),94969.0,73976.0,20993.0
20260622,AL,偏产业(金瑞+五矿+光大),16677.0,10801.0,5876.0
20260623,AL,杭州帮(永安),9088.0,19289.0,-10201.0
20260623,AL,外资(高盛+摩根),0.0,0.0,0.0
20260623,AL,主力(国君+东证+中财),98766.0,94066.0,4700.0
20260623,AL,偏产业(金瑞+五矿+光大),17092.0,9122.0,7970.0
20260624,AL,杭州帮(永安),9749.0,19859.0,-10110.0
20260624,AL,外资(高盛+摩根),0.0,0.0,0.0
20260624,AL,主力(国君+东证+中财),93216.0,104490.0,-11274.0
20260624,AL,偏产业(金瑞+五矿+光大),17295.0,11255.0,6040.0
20260625,AL,杭州帮(永安),9980.0,23059.0,-13079.0
20260625,AL,外资(高盛+摩根),0.0,0.0,0.0
20260625,AL,主力(国君+东证+中财),92295.0,105648.0,-13353.0
20260625,AL,偏产业(金瑞+五矿+光大),18078.0,8873.0,9205.0
20260626,AL,杭州帮(永安),10054.0,23417.0,-13363.0
20260626,AL,外资(高盛+摩根),0.0,0.0,0.0
20260626,AL,主力(国君+东证+中财),90924.0,96757.0,-5833.0
20260626,AL,偏产业(金瑞+五矿+光大),17182.0,9338.0,7844.0
20260629,AL,杭州帮(永安),9930.0,23935.0,-14005.0
20260629,AL,外资(高盛+摩根),0.0,0.0,0.0
20260629,AL,主力(国君+东证+中财),89677.0,93059.0,-3382.0
20260629,AL,偏产业(金瑞+五矿+光大),16266.0,8804.0,7462.0
20260630,AL,杭州帮(永安),10477.0,26430.0,-15953.0
20260630,AL,外资(高盛+摩根),0.0,0.0,0.0
20260630,AL,主力(国君+东证+中财),94396.0,104111.0,-9715.0
20260630,AL,偏产业(金瑞+五矿+光大),22132.0,10532.0,11600.0
20260701,AL,杭州帮(永安),10725.0,27442.0,-16717.0
20260701,AL,外资(高盛+摩根),0.0,0.0,0.0
20260701,AL,主力(国君+东证+中财),91024.0,108213.0,-17189.0
20260701,AL,偏产业(金瑞+五矿+光大),19475.0,10750.0,8725.0
20260702,AL,杭州帮(永安),11182.0,26675.0,-15493.0
20260702,AL,外资(高盛+摩根),0.0,0.0,0.0
20260702,AL,主力(国君+东证+中财),92112.0,109416.0,-17304.0
20260702,AL,偏产业(金瑞+五矿+光大),19281.0,10436.0,8845.0
20260703,AL,杭州帮(永安),12745.0,26327.0,-13582.0
20260703,AL,外资(高盛+摩根),0.0,0.0,0.0
20260703,AL,主力(国君+东证+中财),91462.0,95584.0,-4122.0
20260703,AL,偏产业(金瑞+五矿+光大),21903.0,9958.0,11945.0
20260706,AL,杭州帮(永安),12855.0,26282.0,-13427.0
20260706,AL,外资(高盛+摩根),0.0,0.0,0.0
20260706,AL,主力(国君+东证+中财),89874.0,93526.0,-3652.0
20260706,AL,偏产业(金瑞+五矿+光大),21403.0,13756.0,7647.0
20260707,AL,杭州帮(永安),12824.0,23464.0,-10640.0
20260707,AL,外资(高盛+摩根),0.0,0.0,0.0
20260707,AL,主力(国君+东证+中财),90220.0,87849.0,2371.0
20260707,AL,偏产业(金瑞+五矿+光大),20830.0,12626.0,8204.0
20260708,AL,杭州帮(永安),13291.0,19956.0,-6665.0
20260708,AL,外资(高盛+摩根),0.0,0.0,0.0
20260708,AL,主力(国君+东证+中财),86086.0,86184.0,-98.0
20260708,AL,偏产业(金瑞+五矿+光大),20469.0,12680.0,7789.0
20260709,AL,杭州帮(永安),11675.0,20775.0,-9100.0
20260709,AL,外资(高盛+摩根),0.0,0.0,0.0
20260709,AL,主力(国君+东证+中财),88370.0,82504.0,5866.0
20260709,AL,偏产业(金瑞+五矿+光大),20450.0,15433.0,5017.0
20260710,AL,杭州帮(永安),11166.0,20812.0,-9646.0
20260710,AL,外资(高盛+摩根),0.0,0.0,0.0
20260710,AL,主力(国君+东证+中财),88947.0,84567.0,4380.0
20260710,AL,偏产业(金瑞+五矿+光大),20544.0,15657.0,4887.0
20260713,AL,杭州帮(永安),11535.0,20215.0,-8680.0
20260713,AL,外资(高盛+摩根),0.0,0.0,0.0
20260713,AL,主力(国君+东证+中财),88388.0,84902.0,3486.0
20260713,AL,偏产业(金瑞+五矿+光大),20555.0,12594.0,7961.0
20260714,AL,杭州帮(永安),11825.0,20424.0,-8599.0
20260714,AL,外资(高盛+摩根),0.0,0.0,0.0
20260714,AL,主力(国君+东证+中财),89972.0,75987.0,13985.0
20260714,AL,偏产业(金瑞+五矿+光大),19456.0,13292.0,6164.0
20260715,AL,杭州帮(永安),12159.0,21783.0,-9624.0
20260715,AL,外资(高盛+摩根),0.0,0.0,0.0
20260715,AL,主力(国君+东证+中财),91176.0,80581.0,10595.0
20260715,AL,偏产业(金瑞+五矿+光大),20202.0,12488.0,7714.0
20260716,AL,杭州帮(永安),12439.0,22021.0,-9582.0
20260716,AL,外资(高盛+摩根),0.0,0.0,0.0
20260716,AL,主力(国君+东证+中财),89986.0,79311.0,10675.0
20260716,AL,偏产业(金瑞+五矿+光大),19549.0,10739.0,8810.0
20260717,AL,杭州帮(永安),12587.0,22952.0,-10365.0
20260717,AL,外资(高盛+摩根),0.0,0.0,0.0
20260717,AL,主力(国君+东证+中财),90835.0,80783.0,10052.0
20260717,AL,偏产业(金瑞+五矿+光大),20517.0,12586.0,7931.0
20260720,AL,杭州帮(永安),12435.0,23552.0,-11117.0
20260720,AL,外资(高盛+摩根),0.0,0.0,0.0
20260720,AL,主力(国君+东证+中财),93555.0,86561.0,6994.0
20260720,AL,偏产业(金瑞+五矿+光大),20725.0,12508.0,8217.0
20260721,AL,杭州帮(永安),10676.0,24031.0,-13355.0
20260721,AL,外资(高盛+摩根),0.0,0.0,0.0
20260721,AL,主力(国君+东证+中财),94213.0,86874.0,7339.0
20260721,AL,偏产业(金瑞+五矿+光大),18776.0,10595.0,8181.0
20260722,AL,杭州帮(永安),10446.0,23566.0,-13120.0
20260722,AL,外资(高盛+摩根),0.0,0.0,0.0
20260722,AL,主力(国君+东证+中财),95480.0,89596.0,5884.0
20260722,AL,偏产业(金瑞+五矿+光大),18290.0,10316.0,7974.0
20260723,AL,杭州帮(永安),12001.0,22667.0,-10666.0
20260723,AL,外资(高盛+摩根),0.0,0.0,0.0
20260723,AL,主力(国君+东证+中财),95254.0,88874.0,6380.0
20260723,AL,偏产业(金瑞+五矿+光大),18085.0,8395.0,9690.0
20260724,AL,杭州帮(永安),12175.0,23110.0,-10935.0
20260724,AL,外资(高盛+摩根),0.0,0.0,0.0
20260724,AL,主力(国君+东证+中财),89654.0,90851.0,-1197.0
20260724,AL,偏产业(金瑞+五矿+光大),18114.0,8401.0,9713.0
20260727,AL,杭州帮(永安),12287.0,23492.0,-11205.0
20260727,AL,外资(高盛+摩根),0.0,0.0,0.0
20260727,AL,主力(国君+东证+中财),90242.0,99702.0,-9460.0
20260727,AL,偏产业(金瑞+五矿+光大),18213.0,7161.0,11052.0
20260728,AL,杭州帮(永安),12026.0,23168.0,-11142.0
20260728,AL,外资(高盛+摩根),0.0,0.0,0.0
20260728,AL,主力(国君+东证+中财),91946.0,99671.0,-7725.0
20260728,AL,偏产业(金瑞+五矿+光大),17732.0,6628.0,11104.0
20260729,AL,杭州帮(永安),10685.0,20771.0,-10086.0
20260729,AL,外资(高盛+摩根),0.0,0.0,0.0
20260729,AL,主力(国君+东证+中财),91546.0,94047.0,-2501.0
20260729,AL,偏产业(金瑞+五矿+光大),18358.0,7419.0,10939.0
20260730,AL,杭州帮(永安),11716.0,20428.0,-8712.0
20260730,AL,外资(高盛+摩根),0.0,0.0,0.0
20260730,AL,主力(国君+东证+中财),91848.0,88567.0,3281.0
20260730,AL,偏产业(金瑞+五矿+光大),16786.0,11072.0,5714.0
20260731,AL,杭州帮(永安),12092.0,20435.0,-8343.0
20260731,AL,外资(高盛+摩根),1324.0,0.0,1324.0
20260731,AL,主力(国君+东证+中财),90281.0,88810.0,1471.0
20260731,AL,偏产业(金瑞+五矿+光大),16316.0,11020.0,5296.0
20260803,AL,杭州帮(永安),10686.0,18881.0,-8195.0
20260803,AL,外资(高盛+摩根),1409.0,0.0,1409.0
20260803,AL,主力(国君+东证+中财),87406.0,88732.0,-1326.0
20260803,AL,偏产业(金瑞+五矿+光大),16081.0,10763.0,5318.0
20260804,AL,杭州帮(永安),10776.0,18740.0,-7964.0
20260804,AL,外资(高盛+摩根),2163.0,0.0,2163.0
20260804,AL,主力(国君+东证+中财),87105.0,84761.0,2344.0
20260804,AL,偏产业(金瑞+五矿+光大),15961.0,10986.0,4975.0
20260805,AL,杭州帮(永安),10840.0,19010.0,-8170.0
20260805,AL,外资(高盛+摩根),2450.0,0.0,2450.0
20260805,AL,主力(国君+东证+中财),86028.0,91278.0,-5250.0
20260805,AL,偏产业(金瑞+五矿+光大),15951.0,11382.0,4569.0
20260806,AL,杭州帮(永安),11996.0,18917.0,-6921.0
20260806,AL,外资(高盛+摩根),2481.0,0.0,2481.0
20260806,AL,主力(国君+东证+中财),85592.0,94937.0,-9345.0
20260806,AL,偏产业(金瑞+五矿+光大),15259.0,13735.0,1524.0
20260807,AL,杭州帮(永安),12725.0,18200.0,-5475.0
20260807,AL,外资(高盛+摩根),2546.0,0.0,2546.0
20260807,AL,主力(国君+东证+中财),91410.0,97083.0,-5673.0
20260807,AL,偏产业(金瑞+五矿+光大),17708.0,13908.0,3800.0
20260810,AL,杭州帮(永安),13470.0,17694.0,-4224.0
20260810,AL,外资(高盛+摩根),2608.0,0.0,2608.0
20260810,AL,主力(国君+东证+中财),92765.0,94153.0,-1388.0
20260810,AL,偏产业(金瑞+五矿+光大),17704.0,14921.0,2783.0
20260811,AL,杭州帮(永安),13438.0,17956.0,-4518.0
20260811,AL,外资(高盛+摩根),3294.0,0.0,3294.0
20260811,AL,主力(国君+东证+中财),94074.0,95150.0,-1076.0
20260811,AL,偏产业(金瑞+五矿+光大),18681.0,15308.0,3373.0
20260812,AL,杭州帮(永安),14374.0,18537.0,-4163.0
20260812,AL,外资(高盛+摩根),3844.0,0.0,3844.0
20260812,AL,主力(国君+东证+中财),94792.0,99238.0,-4446.0
20260812,AL,偏产业(金瑞+五矿+光大),18359.0,14159.0,4200.0
20260813,AL,杭州帮(永安),14134.0,19489.0,-5355.0
20260813,AL,外资(高盛+摩根),3324.0,0.0,3324.0
20260813,AL,主力(国君+东证+中财),93713.0,99816.0,-6103.0
20260813,AL,偏产业(金瑞+五矿+光大),18562.0,10350.0,8212.0
20260814,AL,杭州帮(永安),12425.0,19382.0,-6957.0
20260814,AL,外资(高盛+摩根),3328.0,0.0,3328.0
20260814,AL,主力(国君+东证+中财),91034.0,104578.0,-13544.0
20260814,AL,偏产业(金瑞+五矿+光大),19119.0,11100.0,8019.0
20260817,AL,杭州帮(永安),11802.0,21369.0,-9567.0
20260817,AL,外资(高盛+摩根),3304.0,0.0,3304.0
20260817,AL,主力(国君+东证+中财),94711.0,106520.0,-11809.0
20260817,AL,偏产业(金瑞+五矿+光大),20510.0,14260.0,6250.0
20260818,AL,杭州帮(永安),11101.0,21555.0,-10454.0
20260818,AL,外资(高盛+摩根),3304.0,0.0,3304.0
20260818,AL,主力(国君+东证+中财),91361.0,103774.0,-12413.0
20260818,AL,偏产业(金瑞+五矿+光大),22429.0,15957.0,6472.0
20260819,AL,杭州帮(永安),10558.0,23230.0,-12672.0
20260819,AL,外资(高盛+摩根),3824.0,0.0,3824.0
20260819,AL,主力(国君+东证+中财),87770.0,108143.0,-20373.0
20260819,AL,偏产业(金瑞+五矿+光大),21413.0,15321.0,6092.0
20260820,AL,杭州帮(永安),10250.0,22868.0,-12618.0
20260820,AL,外资(高盛+摩根),3824.0,0.0,3824.0
20260820,AL,主力(国君+东证+中财),87134.0,110191.0,-23057.0
20260820,AL,偏产业(金瑞+五矿+光大),22296.0,8505.0,13791.0
20260821,AL,杭州帮(永安),10798.0,22544.0,-11746.0
20260821,AL,外资(高盛+摩根),3764.0,0.0,3764.0
20260821,AL,主力(国君+东证+中财),87911.0,109042.0,-21131.0
20260821,AL,偏产业(金瑞+五矿+光大),19883.0,8373.0,11510.0
20260514,CU,杭州帮(永安),17789.0,751.0,17038.0
20260514,CU,外资(高盛+摩根),8050.0,1627.0,6423.0
20260514,CU,主力(国君+东证+中财),84326.0,65689.0,18637.0
20260514,CU,偏产业(金瑞+五矿+光大),26462.0,86886.0,-60424.0
20260515,CU,杭州帮(永安),16662.0,738.0,15924.0
20260515,CU,外资(高盛+摩根),8771.0,1627.0,7144.0
20260515,CU,主力(国君+东证+中财),77421.0,64251.0,13170.0
20260515,CU,偏产业(金瑞+五矿+光大),31773.0,82485.0,-50712.0
20260518,CU,杭州帮(永安),15944.0,742.0,15202.0
20260518,CU,外资(高盛+摩根),8024.0,1627.0,6397.0
20260518,CU,主力(国君+东证+中财),73274.0,63313.0,9961.0
20260518,CU,偏产业(金瑞+五矿+光大),30189.0,80973.0,-50784.0
20260519,CU,杭州帮(永安),14224.0,744.0,13480.0
20260519,CU,外资(高盛+摩根),7481.0,1627.0,5854.0
20260519,CU,主力(国君+东证+中财),71074.0,62396.0,8678.0
20260519,CU,偏产业(金瑞+五矿+光大),28697.0,79984.0,-51287.0
20260520,CU,杭州帮(永安),13777.0,725.0,13052.0
20260520,CU,外资(高盛+摩根),7222.0,1627.0,5595.0
20260520,CU,主力(国君+东证+中财),71007.0,62686.0,8321.0
20260520,CU,偏产业(金瑞+五矿+光大),30361.0,79429.0,-49068.0
20260521,CU,杭州帮(永安),13912.0,732.0,13180.0
20260521,CU,外资(高盛+摩根),6986.0,3872.0,3114.0
20260521,CU,主力(国君+东证+中财),71281.0,63415.0,7866.0
20260521,CU,偏产业(金瑞+五矿+光大),31506.0,79774.0,-48268.0
20260522,CU,杭州帮(永安),13576.0,731.0,12845.0
20260522,CU,外资(高盛+摩根),6345.0,1627.0,4718.0
20260522,CU,主力(国君+东证+中财),70623.0,62804.0,7819.0
20260522,CU,偏产业(金瑞+五矿+光大),30816.0,80154.0,-49338.0
20260525,CU,杭州帮(永安),14191.0,736.0,13455.0
20260525,CU,外资(高盛+摩根),5629.0,1627.0,4002.0
20260525,CU,主力(国君+东证+中财),75438.0,65072.0,10366.0
20260525,CU,偏产业(金瑞+五矿+光大),31651.0,82268.0,-50617.0
20260526,CU,杭州帮(永安),13939.0,738.0,13201.0
20260526,CU,外资(高盛+摩根),0.0,0.0,0.0
20260526,CU,主力(国君+东证+中财),74089.0,64260.0,9829.0
20260526,CU,偏产业(金瑞+五矿+光大),30221.0,81123.0,-50902.0
20260527,CU,杭州帮(永安),13049.0,760.0,12289.0
20260527,CU,外资(高盛+摩根),0.0,0.0,0.0
20260527,CU,主力(国君+东证+中财),71258.0,64050.0,7208.0
20260527,CU,偏产业(金瑞+五矿+光大),31904.0,81275.0,-49371.0
20260528,CU,杭州帮(永安),12529.0,766.0,11763.0
20260528,CU,外资(高盛+摩根),0.0,0.0,0.0
20260528,CU,主力(国君+东证+中财),71091.0,66888.0,4203.0
20260528,CU,偏产业(金瑞+五矿+光大),32638.0,80231.0,-47593.0
20260529,CU,杭州帮(永安),11911.0,778.0,11133.0
20260529,CU,外资(高盛+摩根),0.0,0.0,0.0
20260529,CU,主力(国君+东证+中财),71429.0,62943.0,8486.0
20260529,CU,偏产业(金瑞+五矿+光大),30773.0,80975.0,-50202.0
20260601,CU,杭州帮(永安),11887.0,772.0,11115.0
20260601,CU,外资(高盛+摩根),0.0,0.0,0.0
20260601,CU,主力(国君+东证+中财),70618.0,62073.0,8545.0
20260601,CU,偏产业(金瑞+五矿+光大),30242.0,81504.0,-51262.0
20260602,CU,杭州帮(永安),13951.0,779.0,13172.0
20260602,CU,外资(高盛+摩根),0.0,0.0,0.0
20260602,CU,主力(国君+东证+中财),78449.0,62062.0,16387.0
20260602,CU,偏产业(金瑞+五矿+光大),29556.0,83076.0,-53520.0
20260603,CU,杭州帮(永安),13933.0,785.0,13148.0
20260603,CU,外资(高盛+摩根),0.0,0.0,0.0
20260603,CU,主力(国君+东证+中财),77185.0,61170.0,16015.0
20260603,CU,偏产业(金瑞+五矿+光大),26785.0,84497.0,-57712.0
20260604,CU,杭州帮(永安),12584.0,776.0,11808.0
20260604,CU,外资(高盛+摩根),0.0,0.0,0.0
20260604,CU,主力(国君+东证+中财),72237.0,60650.0,11587.0
20260604,CU,偏产业(金瑞+五矿+光大),28932.0,81120.0,-52188.0
20260605,CU,杭州帮(永安),13766.0,778.0,12988.0
20260605,CU,外资(高盛+摩根),0.0,0.0,0.0
20260605,CU,主力(国君+东证+中财),69642.0,58550.0,11092.0
20260605,CU,偏产业(金瑞+五矿+光大),29457.0,81907.0,-52450.0
20260608,CU,杭州帮(永安),12110.0,785.0,11325.0
20260608,CU,外资(高盛+摩根),0.0,0.0,0.0
20260608,CU,主力(国君+东证+中财),69324.0,62032.0,7292.0
20260608,CU,偏产业(金瑞+五矿+光大),31254.0,77510.0,-46256.0
20260609,CU,杭州帮(永安),12378.0,791.0,11587.0
20260609,CU,外资(高盛+摩根),0.0,0.0,0.0
20260609,CU,主力(国君+东证+中财),68469.0,60778.0,7691.0
20260609,CU,偏产业(金瑞+五矿+光大),29372.0,77327.0,-47955.0
20260610,CU,杭州帮(永安),13169.0,773.0,12396.0
20260610,CU,外资(高盛+摩根),0.0,0.0,0.0
20260610,CU,主力(国君+东证+中财),67598.0,62800.0,4798.0
20260610,CU,偏产业(金瑞+五矿+光大),30191.0,74579.0,-44388.0
20260611,CU,杭州帮(永安),10791.0,818.0,9973.0
20260611,CU,外资(高盛+摩根),0.0,0.0,0.0
20260611,CU,主力(国君+东证+中财),65637.0,64042.0,1595.0
20260611,CU,偏产业(金瑞+五矿+光大),31678.0,72135.0,-40457.0
20260612,CU,杭州帮(永安),12160.0,827.0,11333.0
20260612,CU,外资(高盛+摩根),0.0,0.0,0.0
20260612,CU,主力(国君+东证+中财),68222.0,62398.0,5824.0
20260612,CU,偏产业(金瑞+五矿+光大),28720.0,74725.0,-46005.0
20260615,CU,杭州帮(永安),12528.0,834.0,11694.0
20260615,CU,外资(高盛+摩根),0.0,0.0,0.0
20260615,CU,主力(国君+东证+中财),70580.0,61776.0,8804.0
20260615,CU,偏产业(金瑞+五矿+光大),27820.0,78610.0,-50790.0
20260616,CU,杭州帮(永安),12152.0,835.0,11317.0
20260616,CU,外资(高盛+摩根),0.0,0.0,0.0
20260616,CU,主力(国君+东证+中财),66693.0,60804.0,5889.0
20260616,CU,偏产业(金瑞+五矿+光大),26443.0,76383.0,-49940.0
20260617,CU,杭州帮(永安),12256.0,840.0,11416.0
20260617,CU,外资(高盛+摩根),0.0,0.0,0.0
20260617,CU,主力(国君+东证+中财),67386.0,60146.0,7240.0
20260617,CU,偏产业(金瑞+五矿+光大),25979.0,75937.0,-49958.0
20260618,CU,杭州帮(永安),13554.0,908.0,12646.0
20260618,CU,外资(高盛+摩根),0.0,0.0,0.0
20260618,CU,主力(国君+东证+中财),66355.0,61116.0,5239.0
20260618,CU,偏产业(金瑞+五矿+光大),26972.0,75648.0,-48676.0
20260622,CU,杭州帮(永安),13773.0,997.0,12776.0
20260622,CU,外资(高盛+摩根),0.0,0.0,0.0
20260622,CU,主力(国君+东证+中财),65732.0,61691.0,4041.0
20260622,CU,偏产业(金瑞+五矿+光大),25336.0,74737.0,-49401.0
20260623,CU,杭州帮(永安),12328.0,995.0,11333.0
20260623,CU,外资(高盛+摩根),0.0,0.0,0.0
20260623,CU,主力(国君+东证+中财),63231.0,66149.0,-2918.0
20260623,CU,偏产业(金瑞+五矿+光大),27852.0,70006.0,-42154.0
20260624,CU,杭州帮(永安),13307.0,997.0,12310.0
20260624,CU,外资(高盛+摩根),0.0,0.0,0.0
20260624,CU,主力(国君+东证+中财),63373.0,68248.0,-4875.0
20260624,CU,偏产业(金瑞+五矿+光大),31335.0,70715.0,-39380.0
20260625,CU,杭州帮(永安),12939.0,1162.0,11777.0
20260625,CU,外资(高盛+摩根),0.0,0.0,0.0
20260625,CU,主力(国君+东证+中财),64519.0,70089.0,-5570.0
20260625,CU,偏产业(金瑞+五矿+光大),32345.0,67929.0,-35584.0
20260626,CU,杭州帮(永安),9721.0,3179.0,6542.0
20260626,CU,外资(高盛+摩根),0.0,0.0,0.0
20260626,CU,主力(国君+东证+中财),63559.0,68309.0,-4750.0
20260626,CU,偏产业(金瑞+五矿+光大),32179.0,66736.0,-34557.0
20260629,CU,杭州帮(永安),10890.0,3019.0,7871.0
20260629,CU,外资(高盛+摩根),0.0,0.0,0.0
20260629,CU,主力(国君+东证+中财),63302.0,64596.0,-1294.0
20260629,CU,偏产业(金瑞+五矿+光大),29612.0,67997.0,-38385.0
20260630,CU,杭州帮(永安),11202.0,3277.0,7925.0
20260630,CU,外资(高盛+摩根),0.0,0.0,0.0
20260630,CU,主力(国君+东证+中财),62541.0,65201.0,-2660.0
20260630,CU,偏产业(金瑞+五矿+光大),28815.0,70266.0,-41451.0
20260701,CU,杭州帮(永安),10782.0,1321.0,9461.0
20260701,CU,外资(高盛+摩根),0.0,0.0,0.0
20260701,CU,主力(国君+东证+中财),61026.0,66461.0,-5435.0
20260701,CU,偏产业(金瑞+五矿+光大),32059.0,68379.0,-36320.0
20260702,CU,杭州帮(永安),10566.0,1331.0,9235.0
20260702,CU,外资(高盛+摩根),0.0,0.0,0.0
20260702,CU,主力(国君+东证+中财),60851.0,66469.0,-5618.0
20260702,CU,偏产业(金瑞+五矿+光大),31650.0,68294.0,-36644.0
20260703,CU,杭州帮(永安),10273.0,1331.0,8942.0
20260703,CU,外资(高盛+摩根),0.0,0.0,0.0
20260703,CU,主力(国君+东证+中财),63893.0,63909.0,-16.0
20260703,CU,偏产业(金瑞+五矿+光大),29992.0,67952.0,-37960.0
20260706,CU,杭州帮(永安),11047.0,1058.0,9989.0
20260706,CU,外资(高盛+摩根),0.0,0.0,0.0
20260706,CU,主力(国君+东证+中财),62736.0,64384.0,-1648.0
20260706,CU,偏产业(金瑞+五矿+光大),29058.0,68397.0,-39339.0
20260707,CU,杭州帮(永安),11115.0,1516.0,9599.0
20260707,CU,外资(高盛+摩根),0.0,0.0,0.0
20260707,CU,主力(国君+东证+中财),62952.0,62531.0,421.0
20260707,CU,偏产业(金瑞+五矿+光大),28203.0,69066.0,-40863.0
20260708,CU,杭州帮(永安),11111.0,1521.0,9590.0
20260708,CU,外资(高盛+摩根),0.0,0.0,0.0
20260708,CU,主力(国君+东证+中财),63800.0,63769.0,31.0
20260708,CU,偏产业(金瑞+五矿+光大),28323.0,68264.0,-39941.0
20260709,CU,杭州帮(永安),11296.0,1520.0,9776.0
20260709,CU,外资(高盛+摩根),0.0,2122.0,-2122.0
20260709,CU,主力(国君+东证+中财),66734.0,65778.0,956.0
20260709,CU,偏产业(金瑞+五矿+光大),31268.0,72120.0,-40852.0
20260710,CU,杭州帮(永安),12549.0,1543.0,11006.0
20260710,CU,外资(高盛+摩根),0.0,2122.0,-2122.0
20260710,CU,主力(国君+东证+中财),69225.0,64873.0,4352.0
20260710,CU,偏产业(金瑞+五矿+光大),29751.0,73102.0,-43351.0
20260713,CU,杭州帮(永安),12313.0,1515.0,10798.0
20260713,CU,外资(高盛+摩根),0.0,0.0,0.0
20260713,CU,主力(国君+东证+中财),65868.0,66300.0,-432.0
20260713,CU,偏产业(金瑞+五矿+光大),30100.0,72548.0,-42448.0
20260714,CU,杭州帮(永安),12508.0,1552.0,10956.0
20260714,CU,外资(高盛+摩根),0.0,0.0,0.0
20260714,CU,主力(国君+东证+中财),71052.0,65448.0,5604.0
20260714,CU,偏产业(金瑞+五矿+光大),30460.0,73916.0,-43456.0
20260715,CU,杭州帮(永安),13207.0,1690.0,11517.0
20260715,CU,外资(高盛+摩根),0.0,3391.0,-3391.0
20260715,CU,主力(国君+东证+中财),69872.0,65752.0,4120.0
20260715,CU,偏产业(金瑞+五矿+光大),31496.0,76031.0,-44535.0
20260716,CU,杭州帮(永安),12705.0,1699.0,11006.0
20260716,CU,外资(高盛+摩根),0.0,3391.0,-3391.0
20260716,CU,主力(国君+东证+中财),69236.0,63034.0,6202.0
20260716,CU,偏产业(金瑞+五矿+光大),30595.0,74668.0,-44073.0
20260717,CU,杭州帮(永安),12445.0,2432.0,10013.0
20260717,CU,外资(高盛+摩根),0.0,3541.0,-3541.0
20260717,CU,主力(国君+东证+中财),66917.0,66771.0,146.0
20260717,CU,偏产业(金瑞+五矿+光大),29380.0,73329.0,-43949.0
20260720,CU,杭州帮(永安),12570.0,2719.0,9851.0
20260720,CU,外资(高盛+摩根),0.0,1040.0,-1040.0
20260720,CU,主力(国君+东证+中财),67893.0,68260.0,-367.0
20260720,CU,偏产业(金瑞+五矿+光大),32227.0,72485.0,-40258.0
20260721,CU,杭州帮(永安),13743.0,2791.0,10952.0
20260721,CU,外资(高盛+摩根),0.0,1040.0,-1040.0
20260721,CU,主力(国君+东证+中财),75819.0,68769.0,7050.0
20260721,CU,偏产业(金瑞+五矿+光大),33106.0,75423.0,-42317.0
20260722,CU,杭州帮(永安),14434.0,2818.0,11616.0
20260722,CU,外资(高盛+摩根),0.0,1040.0,-1040.0
20260722,CU,主力(国君+东证+中财),76242.0,67447.0,8795.0
20260722,CU,偏产业(金瑞+五矿+光大),29256.0,79469.0,-50213.0
20260723,CU,杭州帮(永安),13832.0,3041.0,10791.0
20260723,CU,外资(高盛+摩根),0.0,1040.0,-1040.0
20260723,CU,主力(国君+东证+中财),74335.0,65461.0,8874.0
20260723,CU,偏产业(金瑞+五矿+光大),31859.0,80405.0,-48546.0
20260724,CU,杭州帮(永安),14386.0,2241.0,12145.0
20260724,CU,外资(高盛+摩根),0.0,1040.0,-1040.0
20260724,CU,主力(国君+东证+中财),69333.0,66298.0,3035.0
20260724,CU,偏产业(金瑞+五矿+光大),33066.0,78010.0,-44944.0
20260727,CU,杭州帮(永安),14505.0,2675.0,11830.0
20260727,CU,外资(高盛+摩根),0.0,1040.0,-1040.0
20260727,CU,主力(国君+东证+中财),71374.0,66884.0,4490.0
20260727,CU,偏产业(金瑞+五矿+光大),31911.0,79208.0,-47297.0
20260728,CU,杭州帮(永安),14326.0,2893.0,11433.0
20260728,CU,外资(高盛+摩根),0.0,1040.0,-1040.0
20260728,CU,主力(国君+东证+中财),68801.0,67150.0,1651.0
20260728,CU,偏产业(金瑞+五矿+光大),30074.0,77088.0,-47014.0
20260729,CU,杭州帮(永安),14164.0,3728.0,10436.0
20260729,CU,外资(高盛+摩根),0.0,1040.0,-1040.0
20260729,CU,主力(国君+东证+中财),67343.0,64128.0,3215.0
20260729,CU,偏产业(金瑞+五矿+光大),30038.0,75989.0,-45951.0
20260730,CU,杭州帮(永安),14345.0,2976.0,11369.0
20260730,CU,外资(高盛+摩根),0.0,1040.0,-1040.0
20260730,CU,主力(国君+东证+中财),68553.0,66911.0,1642.0
20260730,CU,偏产业(金瑞+五矿+光大),28819.0,74796.0,-45977.0
20260731,CU,杭州帮(永安),14851.0,2968.0,11883.0
20260731,CU,外资(高盛+摩根),0.0,1040.0,-1040.0
20260731,CU,主力(国君+东证+中财),69550.0,63738.0,5812.0
20260731,CU,偏产业(金瑞+五矿+光大),26890.0,76719.0,-49829.0
20260803,CU,杭州帮(永安),15034.0,2190.0,12844.0
20260803,CU,外资(高盛+摩根),0.0,1040.0,-1040.0
20260803,CU,主力(国君+东证+中财),72854.0,63021.0,9833.0
20260803,CU,偏产业(金瑞+五矿+光大),25882.0,78142.0,-52260.0
20260804,CU,杭州帮(永安),15817.0,2938.0,12879.0
20260804,CU,外资(高盛+摩根),0.0,1040.0,-1040.0
20260804,CU,主力(国君+东证+中财),72652.0,63435.0,9217.0
20260804,CU,偏产业(金瑞+五矿+光大),24625.0,78175.0,-53550.0
20260805,CU,杭州帮(永安),16699.0,3115.0,13584.0
20260805,CU,外资(高盛+摩根),0.0,1040.0,-1040.0
20260805,CU,主力(国君+东证+中财),77374.0,66688.0,10686.0
20260805,CU,偏产业(金瑞+五矿+光大),24150.0,81044.0,-56894.0
20260806,CU,杭州帮(永安),15190.0,2864.0,12326.0
20260806,CU,外资(高盛+摩根),0.0,1040.0,-1040.0
20260806,CU,主力(国君+东证+中财),76334.0,65801.0,10533.0
20260806,CU,偏产业(金瑞+五矿+光大),26049.0,82703.0,-56654.0
20260807,CU,杭州帮(永安),15822.0,2885.0,12937.0
20260807,CU,外资(高盛+摩根),0.0,1040.0,-1040.0
20260807,CU,主力(国君+东证+中财),80001.0,66293.0,13708.0
20260807,CU,偏产业(金瑞+五矿+光大),26952.0,87396.0,-60444.0
20260810,CU,杭州帮(永安),15488.0,3565.0,11923.0
20260810,CU,外资(高盛+摩根),0.0,1040.0,-1040.0
20260810,CU,主力(国君+东证+中财),76169.0,65414.0,10755.0
20260810,CU,偏产业(金瑞+五矿+光大),27864.0,86667.0,-58803.0
20260811,CU,杭州帮(永安),15607.0,3258.0,12349.0
20260811,CU,外资(高盛+摩根),0.0,1040.0,-1040.0
20260811,CU,主力(国君+东证+中财),77138.0,66502.0,10636.0
20260811,CU,偏产业(金瑞+五矿+光大),27149.0,86172.0,-59023.0
20260812,CU,杭州帮(永安),16105.0,3271.0,12834.0
20260812,CU,外资(高盛+摩根),0.0,1040.0,-1040.0
20260812,CU,主力(国君+东证+中财),77815.0,66755.0,11060.0
20260812,CU,偏产业(金瑞+五矿+光大),27441.0,88760.0,-61319.0
20260813,CU,杭州帮(永安),15886.0,3388.0,12498.0
20260813,CU,外资(高盛+摩根),0.0,1040.0,-1040.0
20260813,CU,主力(国君+东证+中财),72641.0,68949.0,3692.0
20260813,CU,偏产业(金瑞+五矿+光大),28249.0,82912.0,-54663.0
20260814,CU,杭州帮(永安),16164.0,3392.0,12772.0
20260814,CU,外资(高盛+摩根),0.0,1040.0,-1040.0
20260814,CU,主力(国君+东证+中财),71148.0,66309.0,4839.0
20260814,CU,偏产业(金瑞+五矿+光大),30905.0,82549.0,-51644.0
20260817,CU,杭州帮(永安),16790.0,3236.0,13554.0
20260817,CU,外资(高盛+摩根),0.0,1040.0,-1040.0
20260817,CU,主力(国君+东证+中财),76694.0,69295.0,7399.0
20260817,CU,偏产业(金瑞+五矿+光大),32221.0,83686.0,-51465.0
20260818,CU,杭州帮(永安),16003.0,3409.0,12594.0
20260818,CU,外资(高盛+摩根),0.0,1040.0,-1040.0
20260818,CU,主力(国君+东证+中财),68495.0,69453.0,-958.0
20260818,CU,偏产业(金瑞+五矿+光大),34745.0,80090.0,-45345.0
20260819,CU,杭州帮(永安),14898.0,3449.0,11449.0
20260819,CU,外资(高盛+摩根),0.0,1040.0,-1040.0
20260819,CU,主力(国君+东证+中财),65464.0,70509.0,-5045.0
20260819,CU,偏产业(金瑞+五矿+光大),32480.0,77468.0,-44988.0
20260820,CU,杭州帮(永安),16060.0,3342.0,12718.0
20260820,CU,外资(高盛+摩根),0.0,1040.0,-1040.0
20260820,CU,主力(国君+东证+中财),63631.0,67926.0,-4295.0
20260820,CU,偏产业(金瑞+五矿+光大),31470.0,74238.0,-42768.0
20260821,CU,杭州帮(永安),14959.0,3203.0,11756.0
20260821,CU,外资(高盛+摩根),0.0,1040.0,-1040.0
20260821,CU,主力(国君+东证+中财),65268.0,66997.0,-1729.0
20260821,CU,偏产业(金瑞+五矿+光大),34857.0,75297.0,-40440.0
20260514,LC,杭州帮(永安),36934.0,14647.0,22287.0
20260514,LC,外资(高盛+摩根),0.0,0.0,0.0
20260514,LC,主力(国君+东证+中财),110040.0,118925.0,-8885.0
20260514,LC,偏产业(金瑞+五矿+光大),15238.0,34244.0,-19006.0
20260515,LC,杭州帮(永安),36322.0,11863.0,24459.0
20260515,LC,外资(高盛+摩根),0.0,0.0,0.0
20260515,LC,主力(国君+东证+中财),106875.0,112916.0,-6041.0
20260515,LC,偏产业(金瑞+五矿+光大),15068.0,28194.0,-13126.0
20260518,LC,杭州帮(永安),37146.0,15147.0,21999.0
20260518,LC,外资(高盛+摩根),0.0,0.0,0.0
20260518,LC,主力(国君+东证+中财),107550.0,114960.0,-7410.0
20260518,LC,偏产业(金瑞+五矿+光大),15110.0,30590.0,-15480.0
20260519,LC,杭州帮(永安),33831.0,16164.0,17667.0
20260519,LC,外资(高盛+摩根),200.0,0.0,200.0
20260519,LC,主力(国君+东证+中财),99829.0,111521.0,-11692.0
20260519,LC,偏产业(金瑞+五矿+光大),15366.0,30312.0,-14946.0
20260520,LC,杭州帮(永安),32159.0,16440.0,15719.0
20260520,LC,外资(高盛+摩根),200.0,0.0,200.0
20260520,LC,主力(国君+东证+中财),92832.0,109853.0,-17021.0
20260520,LC,偏产业(金瑞+五矿+光大),17482.0,33010.0,-15528.0
20260521,LC,杭州帮(永安),33468.0,17392.0,16076.0
20260521,LC,外资(高盛+摩根),0.0,0.0,0.0
20260521,LC,主力(国君+东证+中财),88529.0,109520.0,-20991.0
20260521,LC,偏产业(金瑞+五矿+光大),24418.0,31712.0,-7294.0
20260522,LC,杭州帮(永安),35139.0,20603.0,14536.0
20260522,LC,外资(高盛+摩根),400.0,0.0,400.0
20260522,LC,主力(国君+东证+中财),94572.0,110021.0,-15449.0
20260522,LC,偏产业(金瑞+五矿+光大),24429.0,32946.0,-8517.0
20260525,LC,杭州帮(永安),34977.0,20968.0,14009.0
20260525,LC,外资(高盛+摩根),400.0,0.0,400.0
20260525,LC,主力(国君+东证+中财),93915.0,110262.0,-16347.0
20260525,LC,偏产业(金瑞+五矿+光大),20317.0,32599.0,-12282.0
20260526,LC,杭州帮(永安),34862.0,20729.0,14133.0
20260526,LC,外资(高盛+摩根),400.0,0.0,400.0
20260526,LC,主力(国君+东证+中财),91770.0,109846.0,-18076.0
20260526,LC,偏产业(金瑞+五矿+光大),25759.0,31771.0,-6012.0
20260527,LC,杭州帮(永安),34904.0,20950.0,13954.0
20260527,LC,外资(高盛+摩根),200.0,0.0,200.0
20260527,LC,主力(国君+东证+中财),84994.0,107963.0,-22969.0
20260527,LC,偏产业(金瑞+五矿+光大),25820.0,31585.0,-5765.0
20260528,LC,杭州帮(永安),35417.0,21339.0,14078.0
20260528,LC,外资(高盛+摩根),400.0,0.0,400.0
20260528,LC,主力(国君+东证+中财),85037.0,105796.0,-20759.0
20260528,LC,偏产业(金瑞+五矿+光大),26586.0,30790.0,-4204.0
20260529,LC,杭州帮(永安),33847.0,21366.0,12481.0
20260529,LC,外资(高盛+摩根),400.0,0.0,400.0
20260529,LC,主力(国君+东证+中财),80878.0,107174.0,-26296.0
20260529,LC,偏产业(金瑞+五矿+光大),21467.0,30055.0,-8588.0
20260601,LC,杭州帮(永安),32952.0,22251.0,10701.0
20260601,LC,外资(高盛+摩根),400.0,3235.0,-2835.0
20260601,LC,主力(国君+东证+中财),81149.0,107685.0,-26536.0
20260601,LC,偏产业(金瑞+五矿+光大),20735.0,29796.0,-9061.0
20260602,LC,杭州帮(永安),32584.0,22637.0,9947.0
20260602,LC,外资(高盛+摩根),400.0,3651.0,-3251.0
20260602,LC,主力(国君+东证+中财),82527.0,108402.0,-25875.0
20260602,LC,偏产业(金瑞+五矿+光大),21319.0,29147.0,-7828.0
20260603,LC,杭州帮(永安),31606.0,23326.0,8280.0
20260603,LC,外资(高盛+摩根),200.0,3655.0,-3455.0
20260603,LC,主力(国君+东证+中财),77214.0,108507.0,-31293.0
20260603,LC,偏产业(金瑞+五矿+光大),27891.0,29500.0,-1609.0
20260604,LC,杭州帮(永安),28703.0,22905.0,5798.0
20260604,LC,外资(高盛+摩根),200.0,3828.0,-3628.0
20260604,LC,主力(国君+东证+中财),76692.0,105967.0,-29275.0
20260604,LC,偏产业(金瑞+五矿+光大),27291.0,30742.0,-3451.0
20260605,LC,杭州帮(永安),30574.0,22351.0,8223.0
20260605,LC,外资(高盛+摩根),0.0,3852.0,-3852.0
20260605,LC,主力(国君+东证+中财),74313.0,107096.0,-32783.0
20260605,LC,偏产业(金瑞+五矿+光大),26898.0,31666.0,-4768.0
20260608,LC,杭州帮(永安),31351.0,22313.0,9038.0
20260608,LC,外资(高盛+摩根),0.0,0.0,0.0
20260608,LC,主力(国君+东证+中财),73641.0,102604.0,-28963.0
20260608,LC,偏产业(金瑞+五矿+光大),24511.0,30901.0,-6390.0
20260609,LC,杭州帮(永安),30270.0,21269.0,9001.0
20260609,LC,外资(高盛+摩根),0.0,0.0,0.0
20260609,LC,主力(国君+东证+中财),74930.0,102472.0,-27542.0
20260609,LC,偏产业(金瑞+五矿+光大),25178.0,30381.0,-5203.0
20260610,LC,杭州帮(永安),30967.0,21495.0,9472.0
20260610,LC,外资(高盛+摩根),0.0,0.0,0.0
20260610,LC,主力(国君+东证+中财),69139.0,102821.0,-33682.0
20260610,LC,偏产业(金瑞+五矿+光大),25142.0,29939.0,-4797.0
20260611,LC,杭州帮(永安),32493.0,21788.0,10705.0
20260611,LC,外资(高盛+摩根),0.0,0.0,0.0
20260611,LC,主力(国君+东证+中财),77205.0,102541.0,-25336.0
20260611,LC,偏产业(金瑞+五矿+光大),23712.0,29091.0,-5379.0
20260612,LC,杭州帮(永安),33479.0,21159.0,12320.0
20260612,LC,外资(高盛+摩根),0.0,0.0,0.0
20260612,LC,主力(国君+东证+中财),77045.0,102008.0,-24963.0
20260612,LC,偏产业(金瑞+五矿+光大),21900.0,29502.0,-7602.0
20260615,LC,杭州帮(永安),32767.0,21118.0,11649.0
20260615,LC,外资(高盛+摩根),0.0,0.0,0.0
20260615,LC,主力(国君+东证+中财),75648.0,102540.0,-26892.0
20260615,LC,偏产业(金瑞+五矿+光大),20701.0,27339.0,-6638.0
20260616,LC,杭州帮(永安),33421.0,20676.0,12745.0
20260616,LC,外资(高盛+摩根),0.0,0.0,0.0
20260616,LC,主力(国君+东证+中财),76221.0,101303.0,-25082.0
20260616,LC,偏产业(金瑞+五矿+光大),20875.0,27174.0,-6299.0
20260617,LC,杭州帮(永安),34460.0,20342.0,14118.0
20260617,LC,外资(高盛+摩根),0.0,0.0,0.0
20260617,LC,主力(国君+东证+中财),77716.0,101766.0,-24050.0
20260617,LC,偏产业(金瑞+五矿+光大),20881.0,27188.0,-6307.0
20260618,LC,杭州帮(永安),31617.0,21967.0,9650.0
20260618,LC,外资(高盛+摩根),0.0,0.0,0.0
20260618,LC,主力(国君+东证+中财),73236.0,101666.0,-28430.0
20260618,LC,偏产业(金瑞+五矿+光大),21307.0,28169.0,-6862.0
20260622,LC,杭州帮(永安),26534.0,21169.0,5365.0
20260622,LC,外资(高盛+摩根),0.0,0.0,0.0
20260622,LC,主力(国君+东证+中财),74545.0,98994.0,-24449.0
20260622,LC,偏产业(金瑞+五矿+光大),20380.0,27932.0,-7552.0
20260623,LC,杭州帮(永安),26604.0,21425.0,5179.0
20260623,LC,外资(高盛+摩根),0.0,0.0,0.0
20260623,LC,主力(国君+东证+中财),72320.0,99947.0,-27627.0
20260623,LC,偏产业(金瑞+五矿+光大),20841.0,28124.0,-7283.0
20260624,LC,杭州帮(永安),27622.0,20807.0,6815.0
20260624,LC,外资(高盛+摩根),0.0,0.0,0.0
20260624,LC,主力(国君+东证+中财),72965.0,99775.0,-26810.0
20260624,LC,偏产业(金瑞+五矿+光大),19777.0,28298.0,-8521.0
20260625,LC,杭州帮(永安),25169.0,21327.0,3842.0
20260625,LC,外资(高盛+摩根),0.0,0.0,0.0
20260625,LC,主力(国君+东证+中财),69198.0,100387.0,-31189.0
20260625,LC,偏产业(金瑞+五矿+光大),19997.0,27333.0,-7336.0
20260626,LC,杭州帮(永安),23730.0,20381.0,3349.0
20260626,LC,外资(高盛+摩根),0.0,0.0,0.0
20260626,LC,主力(国君+东证+中财),70572.0,96590.0,-26018.0
20260626,LC,偏产业(金瑞+五矿+光大),20604.0,28016.0,-7412.0
20260629,LC,杭州帮(永安),24568.0,19564.0,5004.0
20260629,LC,外资(高盛+摩根),0.0,0.0,0.0
20260629,LC,主力(国君+东证+中财),72172.0,95024.0,-22852.0
20260629,LC,偏产业(金瑞+五矿+光大),19782.0,26648.0,-6866.0
20260630,LC,杭州帮(永安),25495.0,18765.0,6730.0
20260630,LC,外资(高盛+摩根),0.0,0.0,0.0
20260630,LC,主力(国君+东证+中财),72393.0,94390.0,-21997.0
20260630,LC,偏产业(金瑞+五矿+光大),18361.0,24722.0,-6361.0
20260701,LC,杭州帮(永安),26683.0,18019.0,8664.0
20260701,LC,外资(高盛+摩根),0.0,0.0,0.0
20260701,LC,主力(国君+东证+中财),75983.0,96919.0,-20936.0
20260701,LC,偏产业(金瑞+五矿+光大),18142.0,25399.0,-7257.0
20260702,LC,杭州帮(永安),28165.0,18269.0,9896.0
20260702,LC,外资(高盛+摩根),0.0,0.0,0.0
20260702,LC,主力(国君+东证+中财),75981.0,95959.0,-19978.0
20260702,LC,偏产业(金瑞+五矿+光大),17742.0,20831.0,-3089.0
20260703,LC,杭州帮(永安),27915.0,17646.0,10269.0
20260703,LC,外资(高盛+摩根),0.0,0.0,0.0
20260703,LC,主力(国君+东证+中财),73954.0,95789.0,-21835.0
20260703,LC,偏产业(金瑞+五矿+光大),16873.0,19677.0,-2804.0
20260706,LC,杭州帮(永安),28205.0,18635.0,9570.0
20260706,LC,外资(高盛+摩根),0.0,0.0,0.0
20260706,LC,主力(国君+东证+中财),72749.0,98393.0,-25644.0
20260706,LC,偏产业(金瑞+五矿+光大),17887.0,20426.0,-2539.0
20260707,LC,杭州帮(永安),26798.0,19055.0,7743.0
20260707,LC,外资(高盛+摩根),0.0,0.0,0.0
20260707,LC,主力(国君+东证+中财),72944.0,98488.0,-25544.0
20260707,LC,偏产业(金瑞+五矿+光大),17474.0,19656.0,-2182.0
20260708,LC,杭州帮(永安),26467.0,19197.0,7270.0
20260708,LC,外资(高盛+摩根),0.0,0.0,0.0
20260708,LC,主力(国君+东证+中财),71232.0,97825.0,-26593.0
20260708,LC,偏产业(金瑞+五矿+光大),17251.0,19580.0,-2329.0
20260709,LC,杭州帮(永安),24493.0,19740.0,4753.0
20260709,LC,外资(高盛+摩根),0.0,0.0,0.0
20260709,LC,主力(国君+东证+中财),77547.0,100171.0,-22624.0
20260709,LC,偏产业(金瑞+五矿+光大),18065.0,19735.0,-1670.0
20260710,LC,杭州帮(永安),24812.0,20430.0,4382.0
20260710,LC,外资(高盛+摩根),0.0,0.0,0.0
20260710,LC,主力(国君+东证+中财),79358.0,98296.0,-18938.0
20260710,LC,偏产业(金瑞+五矿+光大),18025.0,19675.0,-1650.0
20260713,LC,杭州帮(永安),25296.0,20591.0,4705.0
20260713,LC,外资(高盛+摩根),0.0,0.0,0.0
20260713,LC,主力(国君+东证+中财),82052.0,101326.0,-19274.0
20260713,LC,偏产业(金瑞+五矿+光大),17476.0,20975.0,-3499.0
20260714,LC,杭州帮(永安),25771.0,20699.0,5072.0
20260714,LC,外资(高盛+摩根),0.0,0.0,0.0
20260714,LC,主力(国君+东证+中财),83129.0,100336.0,-17207.0
20260714,LC,偏产业(金瑞+五矿+光大),16945.0,21334.0,-4389.0
20260715,LC,杭州帮(永安),24393.0,21474.0,2919.0
20260715,LC,外资(高盛+摩根),0.0,0.0,0.0
20260715,LC,主力(国君+东证+中财),87802.0,104891.0,-17089.0
20260715,LC,偏产业(金瑞+五矿+光大),18713.0,21824.0,-3111.0
20260716,LC,杭州帮(永安),19546.0,21051.0,-1505.0
20260716,LC,外资(高盛+摩根),0.0,0.0,0.0
20260716,LC,主力(国君+东证+中财),92619.0,106870.0,-14251.0
20260716,LC,偏产业(金瑞+五矿+光大),18078.0,23376.0,-5298.0
20260717,LC,杭州帮(永安),20389.0,21864.0,-1475.0
20260717,LC,外资(高盛+摩根),0.0,0.0,0.0
20260717,LC,主力(国君+东证+中财),90330.0,103471.0,-13141.0
20260717,LC,偏产业(金瑞+五矿+光大),19178.0,24350.0,-5172.0
20260720,LC,杭州帮(永安),17975.0,25405.0,-7430.0
20260720,LC,外资(高盛+摩根),0.0,0.0,0.0
20260720,LC,主力(国君+东证+中财),94123.0,110261.0,-16138.0
20260720,LC,偏产业(金瑞+五矿+光大),19115.0,25310.0,-6195.0
20260721,LC,杭州帮(永安),17076.0,27087.0,-10011.0
20260721,LC,外资(高盛+摩根),0.0,0.0,0.0
20260721,LC,主力(国君+东证+中财),95812.0,112485.0,-16673.0
20260721,LC,偏产业(金瑞+五矿+光大),19212.0,25489.0,-6277.0
20260722,LC,杭州帮(永安),17802.0,27542.0,-9740.0
20260722,LC,外资(高盛+摩根),0.0,0.0,0.0
20260722,LC,主力(国君+东证+中财),97093.0,113106.0,-16013.0
20260722,LC,偏产业(金瑞+五矿+光大),20292.0,25560.0,-5268.0
20260723,LC,杭州帮(永安),18382.0,28462.0,-10080.0
20260723,LC,外资(高盛+摩根),0.0,0.0,0.0
20260723,LC,主力(国君+东证+中财),103652.0,116055.0,-12403.0
20260723,LC,偏产业(金瑞+五矿+光大),22964.0,31438.0,-8474.0
20260724,LC,杭州帮(永安),18648.0,28765.0,-10117.0
20260724,LC,外资(高盛+摩根),0.0,0.0,0.0
20260724,LC,主力(国君+东证+中财),103708.0,114730.0,-11022.0
20260724,LC,偏产业(金瑞+五矿+光大),21696.0,31238.0,-9542.0
20260727,LC,杭州帮(永安),20135.0,29297.0,-9162.0
20260727,LC,外资(高盛+摩根),0.0,0.0,0.0
20260727,LC,主力(国君+东证+中财),109426.0,115731.0,-6305.0
20260727,LC,偏产业(金瑞+五矿+光大),20325.0,32826.0,-12501.0
20260728,LC,杭州帮(永安),21468.0,29930.0,-8462.0
20260728,LC,外资(高盛+摩根),0.0,0.0,0.0
20260728,LC,主力(国君+东证+中财),110669.0,119191.0,-8522.0
20260728,LC,偏产业(金瑞+五矿+光大),23233.0,33149.0,-9916.0
20260729,LC,杭州帮(永安),23059.0,30355.0,-7296.0
20260729,LC,外资(高盛+摩根),0.0,0.0,0.0
20260729,LC,主力(国君+东证+中财),115121.0,116113.0,-992.0
20260729,LC,偏产业(金瑞+五矿+光大),22345.0,32542.0,-10197.0
20260730,LC,杭州帮(永安),23357.0,32195.0,-8838.0
20260730,LC,外资(高盛+摩根),0.0,0.0,0.0
20260730,LC,主力(国君+东证+中财),116589.0,117025.0,-436.0
20260730,LC,偏产业(金瑞+五矿+光大),23827.0,34360.0,-10533.0
20260731,LC,杭州帮(永安),23121.0,32603.0,-9482.0
20260731,LC,外资(高盛+摩根),0.0,0.0,0.0
20260731,LC,主力(国君+东证+中财),117394.0,119861.0,-2467.0
20260731,LC,偏产业(金瑞+五矿+光大),23031.0,34179.0,-11148.0
20260803,LC,杭州帮(永安),23479.0,35075.0,-11596.0
20260803,LC,外资(高盛+摩根),0.0,0.0,0.0
20260803,LC,主力(国君+东证+中财),122622.0,122571.0,51.0
20260803,LC,偏产业(金瑞+五矿+光大),23352.0,33504.0,-10152.0
20260804,LC,杭州帮(永安),23409.0,37455.0,-14046.0
20260804,LC,外资(高盛+摩根),0.0,0.0,0.0
20260804,LC,主力(国君+东证+中财),120574.0,122011.0,-1437.0
20260804,LC,偏产业(金瑞+五矿+光大),23191.0,33577.0,-10386.0
20260805,LC,杭州帮(永安),24061.0,38728.0,-14667.0
20260805,LC,外资(高盛+摩根),0.0,0.0,0.0
20260805,LC,主力(国君+东证+中财),119248.0,119903.0,-655.0
20260805,LC,偏产业(金瑞+五矿+光大),22396.0,33215.0,-10819.0
20260806,LC,杭州帮(永安),24316.0,41501.0,-17185.0
20260806,LC,外资(高盛+摩根),0.0,0.0,0.0
20260806,LC,主力(国君+东证+中财),117149.0,121414.0,-4265.0
20260806,LC,偏产业(金瑞+五矿+光大),22365.0,33228.0,-10863.0
20260807,LC,杭州帮(永安),24116.0,43212.0,-19096.0
20260807,LC,外资(高盛+摩根),0.0,0.0,0.0
20260807,LC,主力(国君+东证+中财),115473.0,122330.0,-6857.0
20260807,LC,偏产业(金瑞+五矿+光大),22989.0,33613.0,-10624.0
20260810,LC,杭州帮(永安),26444.0,44491.0,-18047.0
20260810,LC,外资(高盛+摩根),0.0,189.0,-189.0
20260810,LC,主力(国君+东证+中财),121515.0,120349.0,1166.0
20260810,LC,偏产业(金瑞+五矿+光大),19533.0,34175.0,-14642.0
20260811,LC,杭州帮(永安),27672.0,43773.0,-16101.0
20260811,LC,外资(高盛+摩根),0.0,189.0,-189.0
20260811,LC,主力(国君+东证+中财),117077.0,120019.0,-2942.0
20260811,LC,偏产业(金瑞+五矿+光大),19665.0,31489.0,-11824.0
20260812,LC,杭州帮(永安),30541.0,40981.0,-10440.0
20260812,LC,外资(高盛+摩根),0.0,189.0,-189.0
20260812,LC,主力(国君+东证+中财),119920.0,120480.0,-560.0
20260812,LC,偏产业(金瑞+五矿+光大),19243.0,33966.0,-14723.0
20260813,LC,杭州帮(永安),31486.0,39922.0,-8436.0
20260813,LC,外资(高盛+摩根),0.0,189.0,-189.0
20260813,LC,主力(国君+东证+中财),116522.0,113955.0,2567.0
20260813,LC,偏产业(金瑞+五矿+光大),18543.0,32354.0,-13811.0
20260814,LC,杭州帮(永安),34072.0,39738.0,-5666.0
20260814,LC,外资(高盛+摩根),0.0,189.0,-189.0
20260814,LC,主力(国君+东证+中财),117314.0,112680.0,4634.0
20260814,LC,偏产业(金瑞+五矿+光大),20679.0,32670.0,-11991.0
20260817,LC,杭州帮(永安),35861.0,40510.0,-4649.0
20260817,LC,外资(高盛+摩根),0.0,189.0,-189.0
20260817,LC,主力(国君+东证+中财),117372.0,115321.0,2051.0
20260817,LC,偏产业(金瑞+五矿+光大),19903.0,32046.0,-12143.0
20260818,LC,杭州帮(永安),37078.0,39689.0,-2611.0
20260818,LC,外资(高盛+摩根),0.0,0.0,0.0
20260818,LC,主力(国君+东证+中财),115611.0,116771.0,-1160.0
20260818,LC,偏产业(金瑞+五矿+光大),18272.0,32697.0,-14425.0
20260819,LC,杭州帮(永安),35630.0,38908.0,-3278.0
20260819,LC,外资(高盛+摩根),0.0,189.0,-189.0
20260819,LC,主力(国君+东证+中财),116310.0,116308.0,2.0
20260819,LC,偏产业(金瑞+五矿+光大),18250.0,31495.0,-13245.0
20260820,LC,杭州帮(永安),36149.0,39557.0,-3408.0
20260820,LC,外资(高盛+摩根),0.0,189.0,-189.0
20260820,LC,主力(国君+东证+中财),113770.0,116310.0,-2540.0
20260820,LC,偏产业(金瑞+五矿+光大),18481.0,32002.0,-13521.0
20260821,LC,杭州帮(永安),39494.0,41301.0,-1807.0
20260821,LC,外资(高盛+摩根),0.0,189.0,-189.0
20260821,LC,主力(国君+东证+中财),128224.0,120645.0,7579.0
20260821,LC,偏产业(金瑞+五矿+光大),16197.0,33132.0,-16935.0
20260514,NI,杭州帮(永安),14449.0,9349.0,5100.0
20260514,NI,外资(高盛+摩根),0.0,2258.0,-2258.0
20260514,NI,主力(国君+东证+中财),41823.0,75056.0,-33233.0
20260514,NI,偏产业(金瑞+五矿+光大),2788.0,10162.0,-7374.0
20260515,NI,杭州帮(永安),13594.0,9009.0,4585.0
20260515,NI,外资(高盛+摩根),0.0,2361.0,-2361.0
20260515,NI,主力(国君+东证+中财),45102.0,75429.0,-30327.0
20260515,NI,偏产业(金瑞+五矿+光大),2658.0,10564.0,-7906.0
20260518,NI,杭州帮(永安),12875.0,9047.0,3828.0
20260518,NI,外资(高盛+摩根),0.0,2354.0,-2354.0
20260518,NI,主力(国君+东证+中财),47565.0,75998.0,-28433.0
20260518,NI,偏产业(金瑞+五矿+光大),4092.0,10249.0,-6157.0
20260519,NI,杭州帮(永安),13884.0,8956.0,4928.0
20260519,NI,外资(高盛+摩根),0.0,2499.0,-2499.0
20260519,NI,主力(国君+东证+中财),49592.0,76973.0,-27381.0
20260519,NI,偏产业(金瑞+五矿+光大),1424.0,9122.0,-7698.0
20260520,NI,杭州帮(永安),13206.0,6670.0,6536.0
20260520,NI,外资(高盛+摩根),0.0,2660.0,-2660.0
20260520,NI,主力(国君+东证+中财),48058.0,76102.0,-28044.0
20260520,NI,偏产业(金瑞+五矿+光大),2668.0,9741.0,-7073.0
20260521,NI,杭州帮(永安),11675.0,6711.0,4964.0
20260521,NI,外资(高盛+摩根),0.0,4788.0,-4788.0
20260521,NI,主力(国君+东证+中财),48113.0,75716.0,-27603.0
20260521,NI,偏产业(金瑞+五矿+光大),2283.0,11200.0,-8917.0
20260522,NI,杭州帮(永安),11711.0,6570.0,5141.0
20260522,NI,外资(高盛+摩根),0.0,2957.0,-2957.0
20260522,NI,主力(国君+东证+中财),47416.0,73189.0,-25773.0
20260522,NI,偏产业(金瑞+五矿+光大),2365.0,11500.0,-9135.0
20260525,NI,杭州帮(永安),11300.0,7296.0,4004.0
20260525,NI,外资(高盛+摩根),0.0,3079.0,-3079.0
20260525,NI,主力(国君+东证+中财),47989.0,71697.0,-23708.0
20260525,NI,偏产业(金瑞+五矿+光大),2285.0,11233.0,-8948.0
20260526,NI,杭州帮(永安),11562.0,7052.0,4510.0
20260526,NI,外资(高盛+摩根),0.0,1106.0,-1106.0
20260526,NI,主力(国君+东证+中财),47760.0,71375.0,-23615.0
20260526,NI,偏产业(金瑞+五矿+光大),1832.0,10926.0,-9094.0
20260527,NI,杭州帮(永安),10757.0,7408.0,3349.0
20260527,NI,外资(高盛+摩根),494.0,0.0,494.0
20260527,NI,主力(国君+东证+中财),51447.0,68852.0,-17405.0
20260527,NI,偏产业(金瑞+五矿+光大),2363.0,11050.0,-8687.0
20260528,NI,杭州帮(永安),9444.0,7332.0,2112.0
20260528,NI,外资(高盛+摩根),501.0,0.0,501.0
20260528,NI,主力(国君+东证+中财),50609.0,68419.0,-17810.0
20260528,NI,偏产业(金瑞+五矿+光大),3470.0,8995.0,-5525.0
20260529,NI,杭州帮(永安),9286.0,7475.0,1811.0
20260529,NI,外资(高盛+摩根),504.0,0.0,504.0
20260529,NI,主力(国君+东证+中财),50367.0,66659.0,-16292.0
20260529,NI,偏产业(金瑞+五矿+光大),3389.0,9260.0,-5871.0
20260601,NI,杭州帮(永安),9110.0,7645.0,1465.0
20260601,NI,外资(高盛+摩根),0.0,993.0,-993.0
20260601,NI,主力(国君+东证+中财),51199.0,67071.0,-15872.0
20260601,NI,偏产业(金瑞+五矿+光大),3377.0,9344.0,-5967.0
20260602,NI,杭州帮(永安),9816.0,7959.0,1857.0
20260602,NI,外资(高盛+摩根),427.0,0.0,427.0
20260602,NI,主力(国君+东证+中财),51120.0,66373.0,-15253.0
20260602,NI,偏产业(金瑞+五矿+光大),3692.0,9436.0,-5744.0
20260603,NI,杭州帮(永安),10350.0,8529.0,1821.0
20260603,NI,外资(高盛+摩根),0.0,0.0,0.0
20260603,NI,主力(国君+东证+中财),48965.0,69965.0,-21000.0
20260603,NI,偏产业(金瑞+五矿+光大),3416.0,9758.0,-6342.0
20260604,NI,杭州帮(永安),12146.0,8499.0,3647.0
20260604,NI,外资(高盛+摩根),0.0,3518.0,-3518.0
20260604,NI,主力(国君+东证+中财),50163.0,73761.0,-23598.0
20260604,NI,偏产业(金瑞+五矿+光大),6236.0,10309.0,-4073.0
20260605,NI,杭州帮(永安),10520.0,8353.0,2167.0
20260605,NI,外资(高盛+摩根),0.0,3382.0,-3382.0
20260605,NI,主力(国君+东证+中财),50388.0,71339.0,-20951.0
20260605,NI,偏产业(金瑞+五矿+光大),6582.0,10237.0,-3655.0
20260608,NI,杭州帮(永安),11089.0,7898.0,3191.0
20260608,NI,外资(高盛+摩根),0.0,0.0,0.0
20260608,NI,主力(国君+东证+中财),48734.0,70406.0,-21672.0
20260608,NI,偏产业(金瑞+五矿+光大),7813.0,9709.0,-1896.0
20260609,NI,杭州帮(永安),10311.0,7665.0,2646.0
20260609,NI,外资(高盛+摩根),0.0,1589.0,-1589.0
20260609,NI,主力(国君+东证+中财),47885.0,69621.0,-21736.0
20260609,NI,偏产业(金瑞+五矿+光大),7859.0,10124.0,-2265.0
20260610,NI,杭州帮(永安),10436.0,6977.0,3459.0
20260610,NI,外资(高盛+摩根),0.0,3796.0,-3796.0
20260610,NI,主力(国君+东证+中财),50165.0,72122.0,-21957.0
20260610,NI,偏产业(金瑞+五矿+光大),9303.0,10675.0,-1372.0
20260611,NI,杭州帮(永安),11308.0,6647.0,4661.0
20260611,NI,外资(高盛+摩根),0.0,2323.0,-2323.0
20260611,NI,主力(国君+东证+中财),49845.0,72980.0,-23135.0
20260611,NI,偏产业(金瑞+五矿+光大),8005.0,12187.0,-4182.0
20260612,NI,杭州帮(永安),11335.0,7244.0,4091.0
20260612,NI,外资(高盛+摩根),0.0,2515.0,-2515.0
20260612,NI,主力(国君+东证+中财),49240.0,73256.0,-24016.0
20260612,NI,偏产业(金瑞+五矿+光大),8477.0,12548.0,-4071.0
20260615,NI,杭州帮(永安),11254.0,5753.0,5501.0
20260615,NI,外资(高盛+摩根),1769.0,3410.0,-1641.0
20260615,NI,主力(国君+东证+中财),47850.0,71745.0,-23895.0
20260615,NI,偏产业(金瑞+五矿+光大),8226.0,12776.0,-4550.0
20260616,NI,杭州帮(永安),11914.0,5590.0,6324.0
20260616,NI,外资(高盛+摩根),0.0,3579.0,-3579.0
20260616,NI,主力(国君+东证+中财),43793.0,68742.0,-24949.0
20260616,NI,偏产业(金瑞+五矿+光大),7970.0,13070.0,-5100.0
20260617,NI,杭州帮(永安),11800.0,5312.0,6488.0
20260617,NI,外资(高盛+摩根),0.0,3956.0,-3956.0
20260617,NI,主力(国君+东证+中财),44803.0,67630.0,-22827.0
20260617,NI,偏产业(金瑞+五矿+光大),8047.0,12965.0,-4918.0
20260618,NI,杭州帮(永安),11907.0,4263.0,7644.0
20260618,NI,外资(高盛+摩根),0.0,4350.0,-4350.0
20260618,NI,主力(国君+东证+中财),44231.0,66124.0,-21893.0
20260618,NI,偏产业(金瑞+五矿+光大),6305.0,11456.0,-5151.0
20260622,NI,杭州帮(永安),12728.0,3546.0,9182.0
20260622,NI,外资(高盛+摩根),0.0,4419.0,-4419.0
20260622,NI,主力(国君+东证+中财),42602.0,63966.0,-21364.0
20260622,NI,偏产业(金瑞+五矿+光大),5999.0,11085.0,-5086.0
20260623,NI,杭州帮(永安),13107.0,3818.0,9289.0
20260623,NI,外资(高盛+摩根),0.0,6336.0,-6336.0
20260623,NI,主力(国君+东证+中财),44293.0,67212.0,-22919.0
20260623,NI,偏产业(金瑞+五矿+光大),6136.0,11186.0,-5050.0
20260624,NI,杭州帮(永安),19286.0,5030.0,14256.0
20260624,NI,外资(高盛+摩根),0.0,4161.0,-4161.0
20260624,NI,主力(国君+东证+中财),43059.0,68826.0,-25767.0
20260624,NI,偏产业(金瑞+五矿+光大),8066.0,13476.0,-5410.0
20260625,NI,杭州帮(永安),24450.0,4739.0,19711.0
20260625,NI,外资(高盛+摩根),0.0,5345.0,-5345.0
20260625,NI,主力(国君+东证+中财),42193.0,64738.0,-22545.0
20260625,NI,偏产业(金瑞+五矿+光大),7210.0,13770.0,-6560.0
20260626,NI,杭州帮(永安),27378.0,3914.0,23464.0
20260626,NI,外资(高盛+摩根),0.0,7229.0,-7229.0
20260626,NI,主力(国君+东证+中财),37997.0,61322.0,-23325.0
20260626,NI,偏产业(金瑞+五矿+光大),8331.0,15107.0,-6776.0
20260629,NI,杭州帮(永安),27268.0,3762.0,23506.0
20260629,NI,外资(高盛+摩根),0.0,7375.0,-7375.0
20260629,NI,主力(国君+东证+中财),35768.0,60150.0,-24382.0
20260629,NI,偏产业(金瑞+五矿+光大),9758.0,14960.0,-5202.0
20260630,NI,杭州帮(永安),31428.0,3998.0,27430.0
20260630,NI,外资(高盛+摩根),0.0,8219.0,-8219.0
20260630,NI,主力(国君+东证+中财),35447.0,61333.0,-25886.0
20260630,NI,偏产业(金瑞+五矿+光大),10673.0,16625.0,-5952.0
20260701,NI,杭州帮(永安),32342.0,2609.0,29733.0
20260701,NI,外资(高盛+摩根),0.0,9576.0,-9576.0
20260701,NI,主力(国君+东证+中财),34218.0,63481.0,-29263.0
20260701,NI,偏产业(金瑞+五矿+光大),11663.0,17666.0,-6003.0
20260702,NI,杭州帮(永安),32686.0,2566.0,30120.0
20260702,NI,外资(高盛+摩根),0.0,9821.0,-9821.0
20260702,NI,主力(国君+东证+中财),34850.0,64036.0,-29186.0
20260702,NI,偏产业(金瑞+五矿+光大),12735.0,17394.0,-4659.0
20260703,NI,杭州帮(永安),34640.0,371.0,34269.0
20260703,NI,外资(高盛+摩根),0.0,8577.0,-8577.0
20260703,NI,主力(国君+东证+中财),34211.0,62000.0,-27789.0
20260703,NI,偏产业(金瑞+五矿+光大),12498.0,17532.0,-5034.0
20260706,NI,杭州帮(永安),35689.0,258.0,35431.0
20260706,NI,外资(高盛+摩根),0.0,11646.0,-11646.0
20260706,NI,主力(国君+东证+中财),34589.0,63310.0,-28721.0
20260706,NI,偏产业(金瑞+五矿+光大),12878.0,17606.0,-4728.0
20260707,NI,杭州帮(永安),37321.0,235.0,37086.0
20260707,NI,外资(高盛+摩根),0.0,12354.0,-12354.0
20260707,NI,主力(国君+东证+中财),34865.0,64362.0,-29497.0
20260707,NI,偏产业(金瑞+五矿+光大),12916.0,18631.0,-5715.0
20260708,NI,杭州帮(永安),38969.0,3109.0,35860.0
20260708,NI,外资(高盛+摩根),0.0,13282.0,-13282.0
20260708,NI,主力(国君+东证+中财),35528.0,68619.0,-33091.0
20260708,NI,偏产业(金瑞+五矿+光大),13518.0,18594.0,-5076.0
20260709,NI,杭州帮(永安),39003.0,0.0,39003.0
20260709,NI,外资(高盛+摩根),0.0,11543.0,-11543.0
20260709,NI,主力(国君+东证+中财),38263.0,64162.0,-25899.0
20260709,NI,偏产业(金瑞+五矿+光大),12496.0,18338.0,-5842.0
20260710,NI,杭州帮(永安),38920.0,0.0,38920.0
20260710,NI,外资(高盛+摩根),0.0,13981.0,-13981.0
20260710,NI,主力(国君+东证+中财),36073.0,62477.0,-26404.0
20260710,NI,偏产业(金瑞+五矿+光大),12429.0,17817.0,-5388.0
20260713,NI,杭州帮(永安),39521.0,0.0,39521.0
20260713,NI,外资(高盛+摩根),0.0,14255.0,-14255.0
20260713,NI,主力(国君+东证+中财),35576.0,65461.0,-29885.0
20260713,NI,偏产业(金瑞+五矿+光大),12743.0,17315.0,-4572.0
20260714,NI,杭州帮(永安),39545.0,0.0,39545.0
20260714,NI,外资(高盛+摩根),0.0,14147.0,-14147.0
20260714,NI,主力(国君+东证+中财),38181.0,63517.0,-25336.0
20260714,NI,偏产业(金瑞+五矿+光大),8397.0,16994.0,-8597.0
20260715,NI,杭州帮(永安),39854.0,0.0,39854.0
20260715,NI,外资(高盛+摩根),0.0,14430.0,-14430.0
20260715,NI,主力(国君+东证+中财),38397.0,64270.0,-25873.0
20260715,NI,偏产业(金瑞+五矿+光大),8971.0,16720.0,-7749.0
20260716,NI,杭州帮(永安),38826.0,0.0,38826.0
20260716,NI,外资(高盛+摩根),0.0,11628.0,-11628.0
20260716,NI,主力(国君+东证+中财),40490.0,58846.0,-18356.0
20260716,NI,偏产业(金瑞+五矿+光大),6733.0,17012.0,-10279.0
20260717,NI,杭州帮(永安),38729.0,0.0,38729.0
20260717,NI,外资(高盛+摩根),0.0,13082.0,-13082.0
20260717,NI,主力(国君+东证+中财),37080.0,62412.0,-25332.0
20260717,NI,偏产业(金瑞+五矿+光大),10679.0,16905.0,-6226.0
20260720,NI,杭州帮(永安),38502.0,0.0,38502.0
20260720,NI,外资(高盛+摩根),0.0,11483.0,-11483.0
20260720,NI,主力(国君+东证+中财),36412.0,59999.0,-23587.0
20260720,NI,偏产业(金瑞+五矿+光大),9831.0,14857.0,-5026.0
20260721,NI,杭州帮(永安),38734.0,150.0,38584.0
20260721,NI,外资(高盛+摩根),0.0,12588.0,-12588.0
20260721,NI,主力(国君+东证+中财),38124.0,64459.0,-26335.0
20260721,NI,偏产业(金瑞+五矿+光大),7303.0,17332.0,-10029.0
20260722,NI,杭州帮(永安),38704.0,152.0,38552.0
20260722,NI,外资(高盛+摩根),0.0,12429.0,-12429.0
20260722,NI,主力(国君+东证+中财),36365.0,63377.0,-27012.0
20260722,NI,偏产业(金瑞+五矿+光大),6699.0,16892.0,-10193.0
20260723,NI,杭州帮(永安),38682.0,124.0,38558.0
20260723,NI,外资(高盛+摩根),0.0,9054.0,-9054.0
20260723,NI,主力(国君+东证+中财),37860.0,63924.0,-26064.0
20260723,NI,偏产业(金瑞+五矿+光大),6889.0,19061.0,-12172.0
20260724,NI,杭州帮(永安),38353.0,124.0,38229.0
20260724,NI,外资(高盛+摩根),0.0,8331.0,-8331.0
20260724,NI,主力(国君+东证+中财),37150.0,62935.0,-25785.0
20260724,NI,偏产业(金瑞+五矿+光大),8916.0,19264.0,-10348.0
20260727,NI,杭州帮(永安),37814.0,124.0,37690.0
20260727,NI,外资(高盛+摩根),0.0,9585.0,-9585.0
20260727,NI,主力(国君+东证+中财),38423.0,64771.0,-26348.0
20260727,NI,偏产业(金瑞+五矿+光大),8481.0,18725.0,-10244.0
20260728,NI,杭州帮(永安),35294.0,0.0,35294.0
20260728,NI,外资(高盛+摩根),0.0,9982.0,-9982.0
20260728,NI,主力(国君+东证+中财),36786.0,69035.0,-32249.0
20260728,NI,偏产业(金瑞+五矿+光大),7932.0,18640.0,-10708.0
20260729,NI,杭州帮(永安),35180.0,189.0,34991.0
20260729,NI,外资(高盛+摩根),0.0,8904.0,-8904.0
20260729,NI,主力(国君+东证+中财),39034.0,68641.0,-29607.0
20260729,NI,偏产业(金瑞+五矿+光大),6410.0,18101.0,-11691.0
20260730,NI,杭州帮(永安),35004.0,189.0,34815.0
20260730,NI,外资(高盛+摩根),0.0,10217.0,-10217.0
20260730,NI,主力(国君+东证+中财),39656.0,65654.0,-25998.0
20260730,NI,偏产业(金瑞+五矿+光大),6260.0,16641.0,-10381.0
20260731,NI,杭州帮(永安),34716.0,195.0,34521.0
20260731,NI,外资(高盛+摩根),0.0,8847.0,-8847.0
20260731,NI,主力(国君+东证+中财),39740.0,65100.0,-25360.0
20260731,NI,偏产业(金瑞+五矿+光大),6240.0,16997.0,-10757.0
20260803,NI,杭州帮(永安),35162.0,181.0,34981.0
20260803,NI,外资(高盛+摩根),0.0,10084.0,-10084.0
20260803,NI,主力(国君+东证+中财),40471.0,68133.0,-27662.0
20260803,NI,偏产业(金瑞+五矿+光大),6423.0,17144.0,-10721.0
20260804,NI,杭州帮(永安),34623.0,332.0,34291.0
20260804,NI,外资(高盛+摩根),0.0,5607.0,-5607.0
20260804,NI,主力(国君+东证+中财),43618.0,67218.0,-23600.0
20260804,NI,偏产业(金瑞+五矿+光大),5951.0,16968.0,-11017.0
20260805,NI,杭州帮(永安),34879.0,3042.0,31837.0
20260805,NI,外资(高盛+摩根),0.0,8483.0,-8483.0
20260805,NI,主力(国君+东证+中财),38647.0,64612.0,-25965.0
20260805,NI,偏产业(金瑞+五矿+光大),6982.0,17480.0,-10498.0
20260806,NI,杭州帮(永安),34939.0,4520.0,30419.0
20260806,NI,外资(高盛+摩根),0.0,9396.0,-9396.0
20260806,NI,主力(国君+东证+中财),38296.0,69668.0,-31372.0
20260806,NI,偏产业(金瑞+五矿+光大),8112.0,17321.0,-9209.0
20260807,NI,杭州帮(永安),33201.0,4098.0,29103.0
20260807,NI,外资(高盛+摩根),0.0,6870.0,-6870.0
20260807,NI,主力(国君+东证+中财),41878.0,63530.0,-21652.0
20260807,NI,偏产业(金瑞+五矿+光大),7306.0,18782.0,-11476.0
20260810,NI,杭州帮(永安),33000.0,4199.0,28801.0
20260810,NI,外资(高盛+摩根),0.0,8995.0,-8995.0
20260810,NI,主力(国君+东证+中财),39535.0,62158.0,-22623.0
20260810,NI,偏产业(金瑞+五矿+光大),7581.0,18597.0,-11016.0
20260811,NI,杭州帮(永安),33198.0,4537.0,28661.0
20260811,NI,外资(高盛+摩根),0.0,9972.0,-9972.0
20260811,NI,主力(国君+东证+中财),38632.0,63163.0,-24531.0
20260811,NI,偏产业(金瑞+五矿+光大),7693.0,18484.0,-10791.0
20260812,NI,杭州帮(永安),33244.0,2724.0,30520.0
20260812,NI,外资(高盛+摩根),0.0,10391.0,-10391.0
20260812,NI,主力(国君+东证+中财),38656.0,63973.0,-25317.0
20260812,NI,偏产业(金瑞+五矿+光大),7673.0,18344.0,-10671.0
20260813,NI,杭州帮(永安),33394.0,2957.0,30437.0
20260813,NI,外资(高盛+摩根),0.0,11591.0,-11591.0
20260813,NI,主力(国君+东证+中财),36985.0,66362.0,-29377.0
20260813,NI,偏产业(金瑞+五矿+光大),8022.0,16665.0,-8643.0
20260814,NI,杭州帮(永安),33647.0,4736.0,28911.0
20260814,NI,外资(高盛+摩根),0.0,12046.0,-12046.0
20260814,NI,主力(国君+东证+中财),39071.0,70812.0,-31741.0
20260814,NI,偏产业(金瑞+五矿+光大),8422.0,16150.0,-7728.0
20260817,NI,杭州帮(永安),33722.0,2948.0,30774.0
20260817,NI,外资(高盛+摩根),0.0,9718.0,-9718.0
20260817,NI,主力(国君+东证+中财),40975.0,66796.0,-25821.0
20260817,NI,偏产业(金瑞+五矿+光大),7592.0,16069.0,-8477.0
20260818,NI,杭州帮(永安),32956.0,4612.0,28344.0
20260818,NI,外资(高盛+摩根),0.0,9764.0,-9764.0
20260818,NI,主力(国君+东证+中财),36535.0,66779.0,-30244.0
20260818,NI,偏产业(金瑞+五矿+光大),7487.0,14570.0,-7083.0
20260819,NI,杭州帮(永安),32823.0,3167.0,29656.0
20260819,NI,外资(高盛+摩根),0.0,11851.0,-11851.0
20260819,NI,主力(国君+东证+中财),36005.0,67485.0,-31480.0
20260819,NI,偏产业(金瑞+五矿+光大),7747.0,14787.0,-7040.0
20260820,NI,杭州帮(永安),32216.0,2620.0,29596.0
20260820,NI,外资(高盛+摩根),0.0,10046.0,-10046.0
20260820,NI,主力(国君+东证+中财),35024.0,64860.0,-29836.0
20260820,NI,偏产业(金瑞+五矿+光大),6971.0,14965.0,-7994.0
20260821,NI,杭州帮(永安),31742.0,3230.0,28512.0
20260821,NI,外资(高盛+摩根),0.0,10068.0,-10068.0
20260821,NI,主力(国君+东证+中财),33856.0,64539.0,-30683.0
20260821,NI,偏产业(金瑞+五矿+光大),5743.0,15200.0,-9457.0
20260514,PB,杭州帮(永安),1855.0,3503.0,-1648.0
20260514,PB,外资(高盛+摩根),1243.0,5631.0,-4388.0
20260514,PB,主力(国君+东证+中财),17567.0,18501.0,-934.0
20260514,PB,偏产业(金瑞+五矿+光大),1155.0,4095.0,-2940.0
20260515,PB,杭州帮(永安),2017.0,3581.0,-1564.0
20260515,PB,外资(高盛+摩根),1147.0,6187.0,-5040.0
20260515,PB,主力(国君+东证+中财),17520.0,21926.0,-4406.0
20260515,PB,偏产业(金瑞+五矿+光大),3317.0,4827.0,-1510.0
20260518,PB,杭州帮(永安),2909.0,2702.0,207.0
20260518,PB,外资(高盛+摩根),1006.0,7647.0,-6641.0
20260518,PB,主力(国君+东证+中财),16468.0,21834.0,-5366.0
20260518,PB,偏产业(金瑞+五矿+光大),3472.0,4846.0,-1374.0
20260519,PB,杭州帮(永安),2999.0,2718.0,281.0
20260519,PB,外资(高盛+摩根),645.0,7990.0,-7345.0
20260519,PB,主力(国君+东证+中财),15253.0,20755.0,-5502.0
20260519,PB,偏产业(金瑞+五矿+光大),3868.0,3832.0,36.0
20260520,PB,杭州帮(永安),3284.0,2700.0,584.0
20260520,PB,外资(高盛+摩根),0.0,7601.0,-7601.0
20260520,PB,主力(国君+东证+中财),15204.0,22064.0,-6860.0
20260520,PB,偏产业(金瑞+五矿+光大),5506.0,4144.0,1362.0
20260521,PB,杭州帮(永安),2532.0,1764.0,768.0
20260521,PB,外资(高盛+摩根),0.0,6123.0,-6123.0
20260521,PB,主力(国君+东证+中财),12874.0,17823.0,-4949.0
20260521,PB,偏产业(金瑞+五矿+光大),3430.0,3797.0,-367.0
20260522,PB,杭州帮(永安),1954.0,1124.0,830.0
20260522,PB,外资(高盛+摩根),0.0,4433.0,-4433.0
20260522,PB,主力(国君+东证+中财),11900.0,15539.0,-3639.0
20260522,PB,偏产业(金瑞+五矿+光大),2240.0,3701.0,-1461.0
20260525,PB,杭州帮(永安),1232.0,1269.0,-37.0
20260525,PB,外资(高盛+摩根),737.0,3235.0,-2498.0
20260525,PB,主力(国君+东证+中财),12188.0,14050.0,-1862.0
20260525,PB,偏产业(金瑞+五矿+光大),310.0,2874.0,-2564.0
20260526,PB,杭州帮(永安),826.0,2088.0,-1262.0
20260526,PB,外资(高盛+摩根),0.0,104.0,-104.0
20260526,PB,主力(国君+东证+中财),15244.0,14899.0,345.0
20260526,PB,偏产业(金瑞+五矿+光大),642.0,4214.0,-3572.0
20260527,PB,杭州帮(永安),978.0,2120.0,-1142.0
20260527,PB,外资(高盛+摩根),0.0,106.0,-106.0
20260527,PB,主力(国君+东证+中财),13161.0,14597.0,-1436.0
20260527,PB,偏产业(金瑞+五矿+光大),644.0,4465.0,-3821.0
20260528,PB,杭州帮(永安),1510.0,1731.0,-221.0
20260528,PB,外资(高盛+摩根),0.0,0.0,0.0
20260528,PB,主力(国君+东证+中财),13599.0,17101.0,-3502.0
20260528,PB,偏产业(金瑞+五矿+光大),2006.0,4436.0,-2430.0
20260529,PB,杭州帮(永安),1686.0,1440.0,246.0
20260529,PB,外资(高盛+摩根),0.0,0.0,0.0
20260529,PB,主力(国君+东证+中财),17056.0,17710.0,-654.0
20260529,PB,偏产业(金瑞+五矿+光大),2135.0,5179.0,-3044.0
20260601,PB,杭州帮(永安),1735.0,1375.0,360.0
20260601,PB,外资(高盛+摩根),0.0,0.0,0.0
20260601,PB,主力(国君+东证+中财),15836.0,18141.0,-2305.0
20260601,PB,偏产业(金瑞+五矿+光大),2113.0,5015.0,-2902.0
20260602,PB,杭州帮(永安),1752.0,413.0,1339.0
20260602,PB,外资(高盛+摩根),0.0,0.0,0.0
20260602,PB,主力(国君+东证+中财),14376.0,17795.0,-3419.0
20260602,PB,偏产业(金瑞+五矿+光大),2078.0,4894.0,-2816.0
20260603,PB,杭州帮(永安),1781.0,409.0,1372.0
20260603,PB,外资(高盛+摩根),0.0,0.0,0.0
20260603,PB,主力(国君+东证+中财),14907.0,17597.0,-2690.0
20260603,PB,偏产业(金瑞+五矿+光大),447.0,3781.0,-3334.0
20260604,PB,杭州帮(永安),2885.0,1442.0,1443.0
20260604,PB,外资(高盛+摩根),0.0,0.0,0.0
20260604,PB,主力(国君+东证+中财),16772.0,21223.0,-4451.0
20260604,PB,偏产业(金瑞+五矿+光大),1500.0,3321.0,-1821.0
20260605,PB,杭州帮(永安),2840.0,1664.0,1176.0
20260605,PB,外资(高盛+摩根),0.0,0.0,0.0
20260605,PB,主力(国君+东证+中财),17078.0,23062.0,-5984.0
20260605,PB,偏产业(金瑞+五矿+光大),1825.0,3047.0,-1222.0
20260608,PB,杭州帮(永安),3273.0,1810.0,1463.0
20260608,PB,外资(高盛+摩根),0.0,0.0,0.0
20260608,PB,主力(国君+东证+中财),17042.0,23437.0,-6395.0
20260608,PB,偏产业(金瑞+五矿+光大),2134.0,1842.0,292.0
20260609,PB,杭州帮(永安),3733.0,2434.0,1299.0
20260609,PB,外资(高盛+摩根),0.0,0.0,0.0
20260609,PB,主力(国君+东证+中财),20211.0,25175.0,-4964.0
20260609,PB,偏产业(金瑞+五矿+光大),4378.0,3072.0,1306.0
20260610,PB,杭州帮(永安),3858.0,2530.0,1328.0
20260610,PB,外资(高盛+摩根),0.0,0.0,0.0
20260610,PB,主力(国君+东证+中财),18988.0,25494.0,-6506.0
20260610,PB,偏产业(金瑞+五矿+光大),5514.0,3758.0,1756.0
20260611,PB,杭州帮(永安),3909.0,2300.0,1609.0
20260611,PB,外资(高盛+摩根),0.0,0.0,0.0
20260611,PB,主力(国君+东证+中财),18817.0,25058.0,-6241.0
20260611,PB,偏产业(金瑞+五矿+光大),5410.0,3852.0,1558.0
20260612,PB,杭州帮(永安),4267.0,4420.0,-153.0
20260612,PB,外资(高盛+摩根),0.0,0.0,0.0
20260612,PB,主力(国君+东证+中财),19423.0,25967.0,-6544.0
20260612,PB,偏产业(金瑞+五矿+光大),6327.0,4538.0,1789.0
20260615,PB,杭州帮(永安),4676.0,5450.0,-774.0
20260615,PB,外资(高盛+摩根),0.0,0.0,0.0
20260615,PB,主力(国君+东证+中财),23946.0,27108.0,-3162.0
20260615,PB,偏产业(金瑞+五矿+光大),5741.0,5387.0,354.0
20260616,PB,杭州帮(永安),4317.0,4510.0,-193.0
20260616,PB,外资(高盛+摩根),799.0,0.0,799.0
20260616,PB,主力(国君+东证+中财),22097.0,26507.0,-4410.0
20260616,PB,偏产业(金瑞+五矿+光大),5716.0,4911.0,805.0
20260617,PB,杭州帮(永安),3775.0,4215.0,-440.0
20260617,PB,外资(高盛+摩根),963.0,0.0,963.0
20260617,PB,主力(国君+东证+中财),20048.0,23129.0,-3081.0
20260617,PB,偏产业(金瑞+五矿+光大),5172.0,4992.0,180.0
20260618,PB,杭州帮(永安),3776.0,3556.0,220.0
20260618,PB,外资(高盛+摩根),963.0,0.0,963.0
20260618,PB,主力(国君+东证+中财),19270.0,21218.0,-1948.0
20260618,PB,偏产业(金瑞+五矿+光大),5345.0,5212.0,133.0
20260622,PB,杭州帮(永安),3734.0,3783.0,-49.0
20260622,PB,外资(高盛+摩根),963.0,0.0,963.0
20260622,PB,主力(国君+东证+中财),18867.0,21737.0,-2870.0
20260622,PB,偏产业(金瑞+五矿+光大),5426.0,5226.0,200.0
20260623,PB,杭州帮(永安),3703.0,2691.0,1012.0
20260623,PB,外资(高盛+摩根),963.0,0.0,963.0
20260623,PB,主力(国君+东证+中财),18423.0,22727.0,-4304.0
20260623,PB,偏产业(金瑞+五矿+光大),6099.0,5107.0,992.0
20260624,PB,杭州帮(永安),3538.0,2547.0,991.0
20260624,PB,外资(高盛+摩根),1117.0,0.0,1117.0
20260624,PB,主力(国君+东证+中财),17349.0,22183.0,-4834.0
20260624,PB,偏产业(金瑞+五矿+光大),6019.0,5116.0,903.0
20260625,PB,杭州帮(永安),3560.0,2123.0,1437.0
20260625,PB,外资(高盛+摩根),1117.0,0.0,1117.0
20260625,PB,主力(国君+东证+中财),17534.0,24428.0,-6894.0
20260625,PB,偏产业(金瑞+五矿+光大),5941.0,4932.0,1009.0
20260626,PB,杭州帮(永安),3447.0,2158.0,1289.0
20260626,PB,外资(高盛+摩根),1121.0,0.0,1121.0
20260626,PB,主力(国君+东证+中财),16814.0,21722.0,-4908.0
20260626,PB,偏产业(金瑞+五矿+光大),5707.0,4811.0,896.0
20260629,PB,杭州帮(永安),3836.0,2722.0,1114.0
20260629,PB,外资(高盛+摩根),0.0,0.0,0.0
20260629,PB,主力(国君+东证+中财),17683.0,21631.0,-3948.0
20260629,PB,偏产业(金瑞+五矿+光大),6464.0,4568.0,1896.0
20260630,PB,杭州帮(永安),4177.0,2949.0,1228.0
20260630,PB,外资(高盛+摩根),0.0,0.0,0.0
20260630,PB,主力(国君+东证+中财),19218.0,25279.0,-6061.0
20260630,PB,偏产业(金瑞+五矿+光大),7494.0,4505.0,2989.0
20260701,PB,杭州帮(永安),4454.0,2466.0,1988.0
20260701,PB,外资(高盛+摩根),0.0,0.0,0.0
20260701,PB,主力(国君+东证+中财),20068.0,27331.0,-7263.0
20260701,PB,偏产业(金瑞+五矿+光大),8032.0,4331.0,3701.0
20260702,PB,杭州帮(永安),4697.0,2489.0,2208.0
20260702,PB,外资(高盛+摩根),0.0,0.0,0.0
20260702,PB,主力(国君+东证+中财),20017.0,29345.0,-9328.0
20260702,PB,偏产业(金瑞+五矿+光大),9106.0,3187.0,5919.0
20260703,PB,杭州帮(永安),5199.0,3347.0,1852.0
20260703,PB,外资(高盛+摩根),0.0,0.0,0.0
20260703,PB,主力(国君+东证+中财),20345.0,28056.0,-7711.0
20260703,PB,偏产业(金瑞+五矿+光大),9423.0,3112.0,6311.0
20260706,PB,杭州帮(永安),5617.0,3648.0,1969.0
20260706,PB,外资(高盛+摩根),0.0,0.0,0.0
20260706,PB,主力(国君+东证+中财),20948.0,28241.0,-7293.0
20260706,PB,偏产业(金瑞+五矿+光大),9439.0,3062.0,6377.0
20260707,PB,杭州帮(永安),5473.0,3562.0,1911.0
20260707,PB,外资(高盛+摩根),0.0,0.0,0.0
20260707,PB,主力(国君+东证+中财),20156.0,28421.0,-8265.0
20260707,PB,偏产业(金瑞+五矿+光大),9728.0,2912.0,6816.0
20260708,PB,杭州帮(永安),5068.0,2964.0,2104.0
20260708,PB,外资(高盛+摩根),0.0,0.0,0.0
20260708,PB,主力(国君+东证+中财),18366.0,24164.0,-5798.0
20260708,PB,偏产业(金瑞+五矿+光大),9344.0,1673.0,7671.0
20260709,PB,杭州帮(永安),5054.0,2363.0,2691.0
20260709,PB,外资(高盛+摩根),0.0,0.0,0.0
20260709,PB,主力(国君+东证+中财),17874.0,23744.0,-5870.0
20260709,PB,偏产业(金瑞+五矿+光大),9315.0,2644.0,6671.0
20260710,PB,杭州帮(永安),5419.0,1004.0,4415.0
20260710,PB,外资(高盛+摩根),0.0,0.0,0.0
20260710,PB,主力(国君+东证+中财),17407.0,23485.0,-6078.0
20260710,PB,偏产业(金瑞+五矿+光大),9489.0,3488.0,6001.0
20260713,PB,杭州帮(永安),5921.0,60.0,5861.0
20260713,PB,外资(高盛+摩根),0.0,0.0,0.0
20260713,PB,主力(国君+东证+中财),17505.0,24530.0,-7025.0
20260713,PB,偏产业(金瑞+五矿+光大),9596.0,3592.0,6004.0
20260714,PB,杭州帮(永安),6021.0,1001.0,5020.0
20260714,PB,外资(高盛+摩根),0.0,0.0,0.0
20260714,PB,主力(国君+东证+中财),17543.0,23327.0,-5784.0
20260714,PB,偏产业(金瑞+五矿+光大),9997.0,3703.0,6294.0
20260715,PB,杭州帮(永安),6500.0,1040.0,5460.0
20260715,PB,外资(高盛+摩根),0.0,0.0,0.0
20260715,PB,主力(国君+东证+中财),21747.0,26366.0,-4619.0
20260715,PB,偏产业(金瑞+五矿+光大),10558.0,4160.0,6398.0
20260716,PB,杭州帮(永安),7423.0,2698.0,4725.0
20260716,PB,外资(高盛+摩根),0.0,0.0,0.0
20260716,PB,主力(国君+东证+中财),23417.0,24967.0,-1550.0
20260716,PB,偏产业(金瑞+五矿+光大),8980.0,3100.0,5880.0
20260717,PB,杭州帮(永安),7178.0,3420.0,3758.0
20260717,PB,外资(高盛+摩根),0.0,0.0,0.0
20260717,PB,主力(国君+东证+中财),21336.0,22247.0,-911.0
20260717,PB,偏产业(金瑞+五矿+光大),8000.0,2691.0,5309.0
20260720,PB,杭州帮(永安),6883.0,4639.0,2244.0
20260720,PB,外资(高盛+摩根),0.0,0.0,0.0
20260720,PB,主力(国君+东证+中财),23914.0,20515.0,3399.0
20260720,PB,偏产业(金瑞+五矿+光大),8844.0,3481.0,5363.0
20260721,PB,杭州帮(永安),6448.0,4477.0,1971.0
20260721,PB,外资(高盛+摩根),0.0,217.0,-217.0
20260721,PB,主力(国君+东证+中财),22971.0,21468.0,1503.0
20260721,PB,偏产业(金瑞+五矿+光大),7863.0,3257.0,4606.0
20260722,PB,杭州帮(永安),6206.0,4606.0,1600.0
20260722,PB,外资(高盛+摩根),0.0,214.0,-214.0
20260722,PB,主力(国君+东证+中财),24339.0,23077.0,1262.0
20260722,PB,偏产业(金瑞+五矿+光大),8128.0,3260.0,4868.0
20260723,PB,杭州帮(永安),5936.0,4981.0,955.0
20260723,PB,外资(高盛+摩根),0.0,0.0,0.0
20260723,PB,主力(国君+东证+中财),24434.0,21843.0,2591.0
20260723,PB,偏产业(金瑞+五矿+光大),7682.0,3365.0,4317.0
20260724,PB,杭州帮(永安),4952.0,4719.0,233.0
20260724,PB,外资(高盛+摩根),0.0,0.0,0.0
20260724,PB,主力(国君+东证+中财),22412.0,21171.0,1241.0
20260724,PB,偏产业(金瑞+五矿+光大),7766.0,3460.0,4306.0
20260727,PB,杭州帮(永安),5028.0,4648.0,380.0
20260727,PB,外资(高盛+摩根),0.0,0.0,0.0
20260727,PB,主力(国君+东证+中财),21574.0,22409.0,-835.0
20260727,PB,偏产业(金瑞+五矿+光大),8033.0,3123.0,4910.0
20260728,PB,杭州帮(永安),5209.0,4559.0,650.0
20260728,PB,外资(高盛+摩根),0.0,0.0,0.0
20260728,PB,主力(国君+东证+中财),20066.0,22171.0,-2105.0
20260728,PB,偏产业(金瑞+五矿+光大),8059.0,1694.0,6365.0
20260729,PB,杭州帮(永安),4586.0,4702.0,-116.0
20260729,PB,外资(高盛+摩根),0.0,0.0,0.0
20260729,PB,主力(国君+东证+中财),18130.0,18166.0,-36.0
20260729,PB,偏产业(金瑞+五矿+光大),7933.0,1885.0,6048.0
20260730,PB,杭州帮(永安),3930.0,5015.0,-1085.0
20260730,PB,外资(高盛+摩根),0.0,0.0,0.0
20260730,PB,主力(国君+东证+中财),18382.0,18729.0,-347.0
20260730,PB,偏产业(金瑞+五矿+光大),8521.0,3388.0,5133.0
20260731,PB,杭州帮(永安),4180.0,5604.0,-1424.0
20260731,PB,外资(高盛+摩根),0.0,0.0,0.0
20260731,PB,主力(国君+东证+中财),20751.0,21381.0,-630.0
20260731,PB,偏产业(金瑞+五矿+光大),8793.0,4582.0,4211.0
20260803,PB,杭州帮(永安),4910.0,5790.0,-880.0
20260803,PB,外资(高盛+摩根),0.0,0.0,0.0
20260803,PB,主力(国君+东证+中财),23017.0,23950.0,-933.0
20260803,PB,偏产业(金瑞+五矿+光大),9494.0,4672.0,4822.0
20260804,PB,杭州帮(永安),5825.0,5926.0,-101.0
20260804,PB,外资(高盛+摩根),0.0,0.0,0.0
20260804,PB,主力(国君+东证+中财),22931.0,23446.0,-515.0
20260804,PB,偏产业(金瑞+五矿+光大),9616.0,4735.0,4881.0
20260805,PB,杭州帮(永安),5799.0,5798.0,1.0
20260805,PB,外资(高盛+摩根),0.0,0.0,0.0
20260805,PB,主力(国君+东证+中财),18339.0,18143.0,196.0
20260805,PB,偏产业(金瑞+五矿+光大),9207.0,4284.0,4923.0
20260806,PB,杭州帮(永安),5396.0,5709.0,-313.0
20260806,PB,外资(高盛+摩根),0.0,0.0,0.0
20260806,PB,主力(国君+东证+中财),16362.0,18176.0,-1814.0
20260806,PB,偏产业(金瑞+五矿+光大),9376.0,4113.0,5263.0
20260807,PB,杭州帮(永安),4851.0,5513.0,-662.0
20260807,PB,外资(高盛+摩根),0.0,0.0,0.0
20260807,PB,主力(国君+东证+中财),15436.0,17615.0,-2179.0
20260807,PB,偏产业(金瑞+五矿+光大),8383.0,4004.0,4379.0
20260810,PB,杭州帮(永安),4641.0,5787.0,-1146.0
20260810,PB,外资(高盛+摩根),0.0,0.0,0.0
20260810,PB,主力(国君+东证+中财),15907.0,18445.0,-2538.0
20260810,PB,偏产业(金瑞+五矿+光大),8880.0,4004.0,4876.0
20260811,PB,杭州帮(永安),4188.0,5862.0,-1674.0
20260811,PB,外资(高盛+摩根),606.0,0.0,606.0
20260811,PB,主力(国君+东证+中财),14125.0,16987.0,-2862.0
20260811,PB,偏产业(金瑞+五矿+光大),8300.0,5377.0,2923.0
20260812,PB,杭州帮(永安),4221.0,5792.0,-1571.0
20260812,PB,外资(高盛+摩根),0.0,0.0,0.0
20260812,PB,主力(国君+东证+中财),14016.0,16427.0,-2411.0
20260812,PB,偏产业(金瑞+五矿+光大),8197.0,5567.0,2630.0
20260813,PB,杭州帮(永安),4931.0,6251.0,-1320.0
20260813,PB,外资(高盛+摩根),0.0,0.0,0.0
20260813,PB,主力(国君+东证+中财),13689.0,17141.0,-3452.0
20260813,PB,偏产业(金瑞+五矿+光大),8003.0,5568.0,2435.0
20260814,PB,杭州帮(永安),5153.0,6420.0,-1267.0
20260814,PB,外资(高盛+摩根),0.0,0.0,0.0
20260814,PB,主力(国君+东证+中财),14023.0,16382.0,-2359.0
20260814,PB,偏产业(金瑞+五矿+光大),8573.0,6050.0,2523.0
20260817,PB,杭州帮(永安),5141.0,5929.0,-788.0
20260817,PB,外资(高盛+摩根),0.0,0.0,0.0
20260817,PB,主力(国君+东证+中财),13161.0,14015.0,-854.0
20260817,PB,偏产业(金瑞+五矿+光大),8500.0,6221.0,2279.0
20260818,PB,杭州帮(永安),4978.0,5773.0,-795.0
20260818,PB,外资(高盛+摩根),0.0,0.0,0.0
20260818,PB,主力(国君+东证+中财),12178.0,14003.0,-1825.0
20260818,PB,偏产业(金瑞+五矿+光大),7702.0,5714.0,1988.0
20260819,PB,杭州帮(永安),4781.0,5805.0,-1024.0
20260819,PB,外资(高盛+摩根),839.0,0.0,839.0
20260819,PB,主力(国君+东证+中财),11331.0,14792.0,-3461.0
20260819,PB,偏产业(金瑞+五矿+光大),7076.0,4853.0,2223.0
20260820,PB,杭州帮(永安),4447.0,6399.0,-1952.0
20260820,PB,外资(高盛+摩根),0.0,0.0,0.0
20260820,PB,主力(国君+东证+中财),15146.0,15760.0,-614.0
20260820,PB,偏产业(金瑞+五矿+光大),6968.0,6769.0,199.0
20260821,PB,杭州帮(永安),3981.0,6003.0,-2022.0
20260821,PB,外资(高盛+摩根),1031.0,201.0,830.0
20260821,PB,主力(国君+东证+中财),15784.0,16708.0,-924.0
20260821,PB,偏产业(金瑞+五矿+光大),6640.0,7335.0,-695.0
20260514,SI,杭州帮(永安),17132.0,17524.0,-392.0
20260514,SI,外资(高盛+摩根),0.0,0.0,0.0
20260514,SI,主力(国君+东证+中财),55208.0,79393.0,-24185.0
20260514,SI,偏产业(金瑞+五矿+光大),0.0,5028.0,-5028.0
20260515,SI,杭州帮(永安),16582.0,18182.0,-1600.0
20260515,SI,外资(高盛+摩根),0.0,0.0,0.0
20260515,SI,主力(国君+东证+中财),56364.0,74974.0,-18610.0
20260515,SI,偏产业(金瑞+五矿+光大),383.0,4924.0,-4541.0
20260518,SI,杭州帮(永安),16246.0,17480.0,-1234.0
20260518,SI,外资(高盛+摩根),0.0,0.0,0.0
20260518,SI,主力(国君+东证+中财),62457.0,75426.0,-12969.0
20260518,SI,偏产业(金瑞+五矿+光大),436.0,4928.0,-4492.0
20260519,SI,杭州帮(永安),15983.0,16873.0,-890.0
20260519,SI,外资(高盛+摩根),0.0,0.0,0.0
20260519,SI,主力(国君+东证+中财),57392.0,77427.0,-20035.0
20260519,SI,偏产业(金瑞+五矿+光大),409.0,4880.0,-4471.0
20260520,SI,杭州帮(永安),15808.0,16556.0,-748.0
20260520,SI,外资(高盛+摩根),0.0,0.0,0.0
20260520,SI,主力(国君+东证+中财),58480.0,77534.0,-19054.0
20260520,SI,偏产业(金瑞+五矿+光大),4339.0,4667.0,-328.0
20260521,SI,杭州帮(永安),14886.0,15470.0,-584.0
20260521,SI,外资(高盛+摩根),0.0,0.0,0.0
20260521,SI,主力(国君+东证+中财),58456.0,76386.0,-17930.0
20260521,SI,偏产业(金瑞+五矿+光大),346.0,4347.0,-4001.0
20260522,SI,杭州帮(永安),11762.0,16275.0,-4513.0
20260522,SI,外资(高盛+摩根),0.0,0.0,0.0
20260522,SI,主力(国君+东证+中财),59252.0,77125.0,-17873.0
20260522,SI,偏产业(金瑞+五矿+光大),420.0,4290.0,-3870.0
20260525,SI,杭州帮(永安),10690.0,14085.0,-3395.0
20260525,SI,外资(高盛+摩根),0.0,0.0,0.0
20260525,SI,主力(国君+东证+中财),52434.0,70747.0,-18313.0
20260525,SI,偏产业(金瑞+五矿+光大),0.0,397.0,-397.0
20260526,SI,杭州帮(永安),8547.0,11536.0,-2989.0
20260526,SI,外资(高盛+摩根),0.0,0.0,0.0
20260526,SI,主力(国君+东证+中财),55474.0,71006.0,-15532.0
20260526,SI,偏产业(金瑞+五矿+光大),0.0,419.0,-419.0
20260527,SI,杭州帮(永安),12209.0,11438.0,771.0
20260527,SI,外资(高盛+摩根),0.0,0.0,0.0
20260527,SI,主力(国君+东证+中财),51493.0,69681.0,-18188.0
20260527,SI,偏产业(金瑞+五矿+光大),0.0,400.0,-400.0
20260528,SI,杭州帮(永安),13060.0,12318.0,742.0
20260528,SI,外资(高盛+摩根),0.0,0.0,0.0
20260528,SI,主力(国君+东证+中财),51559.0,71285.0,-19726.0
20260528,SI,偏产业(金瑞+五矿+光大),0.0,3654.0,-3654.0
20260529,SI,杭州帮(永安),13076.0,12193.0,883.0
20260529,SI,外资(高盛+摩根),0.0,0.0,0.0
20260529,SI,主力(国君+东证+中财),52168.0,69236.0,-17068.0
20260529,SI,偏产业(金瑞+五矿+光大),295.0,3860.0,-3565.0
20260601,SI,杭州帮(永安),10483.0,9343.0,1140.0
20260601,SI,外资(高盛+摩根),0.0,0.0,0.0
20260601,SI,主力(国君+东证+中财),56662.0,69618.0,-12956.0
20260601,SI,偏产业(金瑞+五矿+光大),0.0,448.0,-448.0
20260602,SI,杭州帮(永安),10239.0,5506.0,4733.0
20260602,SI,外资(高盛+摩根),0.0,0.0,0.0
20260602,SI,主力(国君+东证+中财),52069.0,72449.0,-20380.0
20260602,SI,偏产业(金瑞+五矿+光大),0.0,3704.0,-3704.0
20260603,SI,杭州帮(永安),10252.0,5505.0,4747.0
20260603,SI,外资(高盛+摩根),0.0,0.0,0.0
20260603,SI,主力(国君+东证+中财),55399.0,76523.0,-21124.0
20260603,SI,偏产业(金瑞+五矿+光大),0.0,3906.0,-3906.0
20260604,SI,杭州帮(永安),9839.0,5416.0,4423.0
20260604,SI,外资(高盛+摩根),0.0,0.0,0.0
20260604,SI,主力(国君+东证+中财),51556.0,73639.0,-22083.0
20260604,SI,偏产业(金瑞+五矿+光大),0.0,3296.0,-3296.0
20260605,SI,杭州帮(永安),10000.0,5923.0,4077.0
20260605,SI,外资(高盛+摩根),0.0,0.0,0.0
20260605,SI,主力(国君+东证+中财),51064.0,61592.0,-10528.0
20260605,SI,偏产业(金瑞+五矿+光大),0.0,3161.0,-3161.0
20260608,SI,杭州帮(永安),10040.0,5883.0,4157.0
20260608,SI,外资(高盛+摩根),0.0,0.0,0.0
20260608,SI,主力(国君+东证+中财),50859.0,64383.0,-13524.0
20260608,SI,偏产业(金瑞+五矿+光大),0.0,2913.0,-2913.0
20260609,SI,杭州帮(永安),11265.0,9644.0,1621.0
20260609,SI,外资(高盛+摩根),0.0,0.0,0.0
20260609,SI,主力(国君+东证+中财),51627.0,61364.0,-9737.0
20260609,SI,偏产业(金瑞+五矿+光大),0.0,16.0,-16.0
20260610,SI,杭州帮(永安),12683.0,10607.0,2076.0
20260610,SI,外资(高盛+摩根),0.0,0.0,0.0
20260610,SI,主力(国君+东证+中财),57632.0,62797.0,-5165.0
20260610,SI,偏产业(金瑞+五矿+光大),0.0,9.0,-9.0
20260611,SI,杭州帮(永安),12592.0,11461.0,1131.0
20260611,SI,外资(高盛+摩根),0.0,0.0,0.0
20260611,SI,主力(国君+东证+中财),54222.0,65768.0,-11546.0
20260611,SI,偏产业(金瑞+五矿+光大),0.0,2989.0,-2989.0
20260612,SI,杭州帮(永安),12841.0,11463.0,1378.0
20260612,SI,外资(高盛+摩根),0.0,0.0,0.0
20260612,SI,主力(国君+东证+中财),52827.0,66834.0,-14007.0
20260612,SI,偏产业(金瑞+五矿+光大),0.0,3529.0,-3529.0
20260615,SI,杭州帮(永安),13620.0,12592.0,1028.0
20260615,SI,外资(高盛+摩根),0.0,0.0,0.0
20260615,SI,主力(国君+东证+中财),47836.0,72577.0,-24741.0
20260615,SI,偏产业(金瑞+五矿+光大),258.0,3380.0,-3122.0
20260616,SI,杭州帮(永安),14007.0,13040.0,967.0
20260616,SI,外资(高盛+摩根),0.0,0.0,0.0
20260616,SI,主力(国君+东证+中财),49065.0,70282.0,-21217.0
20260616,SI,偏产业(金瑞+五矿+光大),0.0,3102.0,-3102.0
20260617,SI,杭州帮(永安),14974.0,13851.0,1123.0
20260617,SI,外资(高盛+摩根),0.0,0.0,0.0
20260617,SI,主力(国君+东证+中财),51240.0,69940.0,-18700.0
20260617,SI,偏产业(金瑞+五矿+光大),0.0,3077.0,-3077.0
20260618,SI,杭州帮(永安),16007.0,14624.0,1383.0
20260618,SI,外资(高盛+摩根),0.0,0.0,0.0
20260618,SI,主力(国君+东证+中财),52967.0,70959.0,-17992.0
20260618,SI,偏产业(金瑞+五矿+光大),0.0,3057.0,-3057.0
20260622,SI,杭州帮(永安),18463.0,17198.0,1265.0
20260622,SI,外资(高盛+摩根),0.0,0.0,0.0
20260622,SI,主力(国君+东证+中财),53238.0,70203.0,-16965.0
20260622,SI,偏产业(金瑞+五矿+光大),90.0,394.0,-304.0
20260623,SI,杭州帮(永安),18829.0,18393.0,436.0
20260623,SI,外资(高盛+摩根),0.0,0.0,0.0
20260623,SI,主力(国君+东证+中财),55249.0,72066.0,-16817.0
20260623,SI,偏产业(金瑞+五矿+光大),156.0,390.0,-234.0
20260624,SI,杭州帮(永安),19366.0,18995.0,371.0
20260624,SI,外资(高盛+摩根),0.0,0.0,0.0
20260624,SI,主力(国君+东证+中财),54667.0,71457.0,-16790.0
20260624,SI,偏产业(金瑞+五矿+光大),155.0,393.0,-238.0
20260625,SI,杭州帮(永安),19705.0,19410.0,295.0
20260625,SI,外资(高盛+摩根),0.0,0.0,0.0
20260625,SI,主力(国君+东证+中财),56626.0,69477.0,-12851.0
20260625,SI,偏产业(金瑞+五矿+光大),176.0,392.0,-216.0
20260626,SI,杭州帮(永安),18628.0,19235.0,-607.0
20260626,SI,外资(高盛+摩根),0.0,0.0,0.0
20260626,SI,主力(国君+东证+中财),61911.0,64703.0,-2792.0
20260626,SI,偏产业(金瑞+五矿+光大),194.0,401.0,-207.0
20260629,SI,杭州帮(永安),18171.0,18655.0,-484.0
20260629,SI,外资(高盛+摩根),0.0,3519.0,-3519.0
20260629,SI,主力(国君+东证+中财),64147.0,65211.0,-1064.0
20260629,SI,偏产业(金瑞+五矿+光大),191.0,3993.0,-3802.0
20260630,SI,杭州帮(永安),18161.0,17924.0,237.0
20260630,SI,外资(高盛+摩根),0.0,3883.0,-3883.0
20260630,SI,主力(国君+东证+中财),68347.0,66787.0,1560.0
20260630,SI,偏产业(金瑞+五矿+光大),191.0,4090.0,-3899.0
20260701,SI,杭州帮(永安),16316.0,16098.0,218.0
20260701,SI,外资(高盛+摩根),0.0,4086.0,-4086.0
20260701,SI,主力(国君+东证+中财),66535.0,65107.0,1428.0
20260701,SI,偏产业(金瑞+五矿+光大),345.0,4449.0,-4104.0
20260702,SI,杭州帮(永安),13515.0,13204.0,311.0
20260702,SI,外资(高盛+摩根),0.0,4354.0,-4354.0
20260702,SI,主力(国君+东证+中财),74926.0,75659.0,-733.0
20260702,SI,偏产业(金瑞+五矿+光大),342.0,4514.0,-4172.0
20260703,SI,杭州帮(永安),13470.0,13497.0,-27.0
20260703,SI,外资(高盛+摩根),0.0,4606.0,-4606.0
20260703,SI,主力(国君+东证+中财),76817.0,70020.0,6797.0
20260703,SI,偏产业(金瑞+五矿+光大),216.0,4563.0,-4347.0
20260706,SI,杭州帮(永安),13720.0,13177.0,543.0
20260706,SI,外资(高盛+摩根),0.0,4848.0,-4848.0
20260706,SI,主力(国君+东证+中财),73908.0,73324.0,584.0
20260706,SI,偏产业(金瑞+五矿+光大),193.0,4598.0,-4405.0
20260707,SI,杭州帮(永安),14755.0,13648.0,1107.0
20260707,SI,外资(高盛+摩根),0.0,4848.0,-4848.0
20260707,SI,主力(国君+东证+中财),74341.0,77400.0,-3059.0
20260707,SI,偏产业(金瑞+五矿+光大),202.0,4255.0,-4053.0
20260708,SI,杭州帮(永安),15313.0,15786.0,-473.0
20260708,SI,外资(高盛+摩根),0.0,5225.0,-5225.0
20260708,SI,主力(国君+东证+中财),89284.0,80827.0,8457.0
20260708,SI,偏产业(金瑞+五矿+光大),598.0,0.0,598.0
20260709,SI,杭州帮(永安),16678.0,14978.0,1700.0
20260709,SI,外资(高盛+摩根),0.0,5474.0,-5474.0
20260709,SI,主力(国君+东证+中财),80947.0,72441.0,8506.0
20260709,SI,偏产业(金瑞+五矿+光大),316.0,0.0,316.0
20260710,SI,杭州帮(永安),13982.0,13596.0,386.0
20260710,SI,外资(高盛+摩根),0.0,5835.0,-5835.0
20260710,SI,主力(国君+东证+中财),72352.0,71791.0,561.0
20260710,SI,偏产业(金瑞+五矿+光大),235.0,3877.0,-3642.0
20260713,SI,杭州帮(永安),13713.0,13410.0,303.0
20260713,SI,外资(高盛+摩根),0.0,5835.0,-5835.0
20260713,SI,主力(国君+东证+中财),68022.0,68382.0,-360.0
20260713,SI,偏产业(金瑞+五矿+光大),0.0,3980.0,-3980.0
20260714,SI,杭州帮(永安),11323.0,12547.0,-1224.0
20260714,SI,外资(高盛+摩根),0.0,5835.0,-5835.0
20260714,SI,主力(国君+东证+中财),63429.0,60922.0,2507.0
20260714,SI,偏产业(金瑞+五矿+光大),0.0,3605.0,-3605.0
20260715,SI,杭州帮(永安),11290.0,12759.0,-1469.0
20260715,SI,外资(高盛+摩根),0.0,5835.0,-5835.0
20260715,SI,主力(国君+东证+中财),65662.0,63252.0,2410.0
20260715,SI,偏产业(金瑞+五矿+光大),0.0,3690.0,-3690.0
20260716,SI,杭州帮(永安),14221.0,15312.0,-1091.0
20260716,SI,外资(高盛+摩根),0.0,5835.0,-5835.0
20260716,SI,主力(国君+东证+中财),64545.0,62905.0,1640.0
20260716,SI,偏产业(金瑞+五矿+光大),0.0,3514.0,-3514.0
20260717,SI,杭州帮(永安),14492.0,15121.0,-629.0
20260717,SI,外资(高盛+摩根),0.0,5835.0,-5835.0
20260717,SI,主力(国君+东证+中财),62732.0,59651.0,3081.0
20260717,SI,偏产业(金瑞+五矿+光大),0.0,3454.0,-3454.0
20260720,SI,杭州帮(永安),14564.0,15606.0,-1042.0
20260720,SI,外资(高盛+摩根),0.0,5835.0,-5835.0
20260720,SI,主力(国君+东证+中财),66123.0,61374.0,4749.0
20260720,SI,偏产业(金瑞+五矿+光大),0.0,3587.0,-3587.0
20260721,SI,杭州帮(永安),15549.0,17041.0,-1492.0
20260721,SI,外资(高盛+摩根),0.0,6082.0,-6082.0
20260721,SI,主力(国君+东证+中财),71056.0,64085.0,6971.0
20260721,SI,偏产业(金瑞+五矿+光大),926.0,3470.0,-2544.0
20260722,SI,杭州帮(永安),16361.0,17785.0,-1424.0
20260722,SI,外资(高盛+摩根),0.0,6082.0,-6082.0
20260722,SI,主力(国君+东证+中财),72184.0,68195.0,3989.0
20260722,SI,偏产业(金瑞+五矿+光大),972.0,0.0,972.0
20260723,SI,杭州帮(永安),16308.0,18100.0,-1792.0
20260723,SI,外资(高盛+摩根),0.0,6573.0,-6573.0
20260723,SI,主力(国君+东证+中财),70501.0,67128.0,3373.0
20260723,SI,偏产业(金瑞+五矿+光大),516.0,0.0,516.0
20260724,SI,杭州帮(永安),16208.0,17764.0,-1556.0
20260724,SI,外资(高盛+摩根),0.0,6573.0,-6573.0
20260724,SI,主力(国君+东证+中财),69640.0,65023.0,4617.0
20260724,SI,偏产业(金瑞+五矿+光大),0.0,3414.0,-3414.0
20260727,SI,杭州帮(永安),15772.0,17288.0,-1516.0
20260727,SI,外资(高盛+摩根),0.0,6893.0,-6893.0
20260727,SI,主力(国君+东证+中财),66347.0,62401.0,3946.0
20260727,SI,偏产业(金瑞+五矿+光大),0.0,3450.0,-3450.0
20260728,SI,杭州帮(永安),16030.0,17087.0,-1057.0
20260728,SI,外资(高盛+摩根),0.0,6893.0,-6893.0
20260728,SI,主力(国君+东证+中财),71632.0,66048.0,5584.0
20260728,SI,偏产业(金瑞+五矿+光大),1333.0,3975.0,-2642.0
20260729,SI,杭州帮(永安),17508.0,19155.0,-1647.0
20260729,SI,外资(高盛+摩根),0.0,6893.0,-6893.0
20260729,SI,主力(国君+东证+中财),72914.0,68032.0,4882.0
20260729,SI,偏产业(金瑞+五矿+光大),1474.0,4006.0,-2532.0
20260730,SI,杭州帮(永安),18723.0,20096.0,-1373.0
20260730,SI,外资(高盛+摩根),0.0,6893.0,-6893.0
20260730,SI,主力(国君+东证+中财),76275.0,65262.0,11013.0
20260730,SI,偏产业(金瑞+五矿+光大),3777.0,4050.0,-273.0
20260731,SI,杭州帮(永安),20813.0,22249.0,-1436.0
20260731,SI,外资(高盛+摩根),0.0,6893.0,-6893.0
20260731,SI,主力(国君+东证+中财),71312.0,62819.0,8493.0
20260731,SI,偏产业(金瑞+五矿+光大),3438.0,4150.0,-712.0
20260803,SI,杭州帮(永安),20612.0,22282.0,-1670.0
20260803,SI,外资(高盛+摩根),0.0,7680.0,-7680.0
20260803,SI,主力(国君+东证+中财),63063.0,59025.0,4038.0
20260803,SI,偏产业(金瑞+五矿+光大),0.0,4377.0,-4377.0
20260804,SI,杭州帮(永安),20578.0,22326.0,-1748.0
20260804,SI,外资(高盛+摩根),0.0,7681.0,-7681.0
20260804,SI,主力(国君+东证+中财),59138.0,54368.0,4770.0
20260804,SI,偏产业(金瑞+五矿+光大),0.0,4364.0,-4364.0
20260805,SI,杭州帮(永安),19930.0,20992.0,-1062.0
20260805,SI,外资(高盛+摩根),0.0,7681.0,-7681.0
20260805,SI,主力(国君+东证+中财),59375.0,50884.0,8491.0
20260805,SI,偏产业(金瑞+五矿+光大),0.0,3576.0,-3576.0
20260806,SI,杭州帮(永安),21066.0,21046.0,20.0
20260806,SI,外资(高盛+摩根),0.0,7681.0,-7681.0
20260806,SI,主力(国君+东证+中财),54924.0,50121.0,4803.0
20260806,SI,偏产业(金瑞+五矿+光大),0.0,3148.0,-3148.0
20260807,SI,杭州帮(永安),21688.0,19030.0,2658.0
20260807,SI,外资(高盛+摩根),0.0,6788.0,-6788.0
20260807,SI,主力(国君+东证+中财),54082.0,57178.0,-3096.0
20260807,SI,偏产业(金瑞+五矿+光大),0.0,0.0,0.0
20260810,SI,杭州帮(永安),22335.0,19598.0,2737.0
20260810,SI,外资(高盛+摩根),0.0,6788.0,-6788.0
20260810,SI,主力(国君+东证+中财),46210.0,57579.0,-11369.0
20260810,SI,偏产业(金瑞+五矿+光大),0.0,0.0,0.0
20260811,SI,杭州帮(永安),21971.0,19218.0,2753.0
20260811,SI,外资(高盛+摩根),0.0,5981.0,-5981.0
20260811,SI,主力(国君+东证+中财),47985.0,63611.0,-15626.0
20260811,SI,偏产业(金瑞+五矿+光大),0.0,0.0,0.0
20260812,SI,杭州帮(永安),22719.0,19616.0,3103.0
20260812,SI,外资(高盛+摩根),0.0,6875.0,-6875.0
20260812,SI,主力(国君+东证+中财),47695.0,66078.0,-18383.0
20260812,SI,偏产业(金瑞+五矿+光大),0.0,0.0,0.0
20260813,SI,杭州帮(永安),21650.0,19698.0,1952.0
20260813,SI,外资(高盛+摩根),0.0,6875.0,-6875.0
20260813,SI,主力(国君+东证+中财),49720.0,61520.0,-11800.0
20260813,SI,偏产业(金瑞+五矿+光大),0.0,0.0,0.0
20260814,SI,杭州帮(永安),24490.0,20386.0,4104.0
20260814,SI,外资(高盛+摩根),0.0,6875.0,-6875.0
20260814,SI,主力(国君+东证+中财),43204.0,63903.0,-20699.0
20260814,SI,偏产业(金瑞+五矿+光大),5033.0,0.0,5033.0
20260817,SI,杭州帮(永安),22724.0,19300.0,3424.0
20260817,SI,外资(高盛+摩根),0.0,5191.0,-5191.0
20260817,SI,主力(国君+东证+中财),41666.0,64511.0,-22845.0
20260817,SI,偏产业(金瑞+五矿+光大),3959.0,1310.0,2649.0
20260818,SI,杭州帮(永安),23057.0,19827.0,3230.0
20260818,SI,外资(高盛+摩根),0.0,4583.0,-4583.0
20260818,SI,主力(国君+东证+中财),39509.0,65778.0,-26269.0
20260818,SI,偏产业(金瑞+五矿+光大),0.0,1003.0,-1003.0
20260819,SI,杭州帮(永安),22067.0,20200.0,1867.0
20260819,SI,外资(高盛+摩根),0.0,4128.0,-4128.0
20260819,SI,主力(国君+东证+中财),48947.0,65827.0,-16880.0
20260819,SI,偏产业(金瑞+五矿+光大),5272.0,1070.0,4202.0
20260820,SI,杭州帮(永安),24526.0,22127.0,2399.0
20260820,SI,外资(高盛+摩根),0.0,3729.0,-3729.0
20260820,SI,主力(国君+东证+中财),46614.0,63832.0,-17218.0
20260820,SI,偏产业(金瑞+五矿+光大),0.0,1042.0,-1042.0
20260821,SI,杭州帮(永安),24102.0,22309.0,1793.0
20260821,SI,外资(高盛+摩根),0.0,3253.0,-3253.0
20260821,SI,主力(国君+东证+中财),46273.0,63025.0,-16752.0
20260821,SI,偏产业(金瑞+五矿+光大),0.0,1056.0,-1056.0
20260514,SN,杭州帮(永安),5411.0,0.0,5411.0
20260514,SN,外资(高盛+摩根),1320.0,0.0,1320.0
20260514,SN,主力(国君+东证+中财),17243.0,13379.0,3864.0
20260514,SN,偏产业(金瑞+五矿+光大),1728.0,5595.0,-3867.0
20260515,SN,杭州帮(永安),4193.0,420.0,3773.0
20260515,SN,外资(高盛+摩根),1033.0,0.0,1033.0
20260515,SN,主力(国君+东证+中财),15540.0,12342.0,3198.0
20260515,SN,偏产业(金瑞+五矿+光大),2143.0,4782.0,-2639.0
20260518,SN,杭州帮(永安),4733.0,382.0,4351.0
20260518,SN,外资(高盛+摩根),973.0,0.0,973.0
20260518,SN,主力(国君+东证+中财),14160.0,11144.0,3016.0
20260518,SN,偏产业(金瑞+五矿+光大),1952.0,3695.0,-1743.0
20260519,SN,杭州帮(永安),4633.0,837.0,3796.0
20260519,SN,外资(高盛+摩根),859.0,0.0,859.0
20260519,SN,主力(国君+东证+中财),13128.0,10562.0,2566.0
20260519,SN,偏产业(金瑞+五矿+光大),2096.0,3602.0,-1506.0
20260520,SN,杭州帮(永安),4087.0,419.0,3668.0
20260520,SN,外资(高盛+摩根),721.0,0.0,721.0
20260520,SN,主力(国君+东证+中财),12825.0,10500.0,2325.0
20260520,SN,偏产业(金瑞+五矿+光大),2396.0,3660.0,-1264.0
20260521,SN,杭州帮(永安),4897.0,0.0,4897.0
20260521,SN,外资(高盛+摩根),831.0,0.0,831.0
20260521,SN,主力(国君+东证+中财),12844.0,10279.0,2565.0
20260521,SN,偏产业(金瑞+五矿+光大),1927.0,3467.0,-1540.0
20260522,SN,杭州帮(永安),5513.0,0.0,5513.0
20260522,SN,外资(高盛+摩根),270.0,0.0,270.0
20260522,SN,主力(国君+东证+中财),13456.0,11111.0,2345.0
20260522,SN,偏产业(金瑞+五矿+光大),2246.0,3893.0,-1647.0
20260525,SN,杭州帮(永安),5036.0,270.0,4766.0
20260525,SN,外资(高盛+摩根),439.0,0.0,439.0
20260525,SN,主力(国君+东证+中财),13300.0,11530.0,1770.0
20260525,SN,偏产业(金瑞+五矿+光大),2108.0,3779.0,-1671.0
20260526,SN,杭州帮(永安),5394.0,177.0,5217.0
20260526,SN,外资(高盛+摩根),0.0,0.0,0.0
20260526,SN,主力(国君+东证+中财),13945.0,10652.0,3293.0
20260526,SN,偏产业(金瑞+五矿+光大),1990.0,4086.0,-2096.0
20260527,SN,杭州帮(永安),5234.0,362.0,4872.0
20260527,SN,外资(高盛+摩根),0.0,0.0,0.0
20260527,SN,主力(国君+东证+中财),12222.0,10248.0,1974.0
20260527,SN,偏产业(金瑞+五矿+光大),2409.0,3991.0,-1582.0
20260528,SN,杭州帮(永安),4833.0,1285.0,3548.0
20260528,SN,外资(高盛+摩根),0.0,0.0,0.0
20260528,SN,主力(国君+东证+中财),12190.0,9417.0,2773.0
20260528,SN,偏产业(金瑞+五矿+光大),2467.0,3957.0,-1490.0
20260529,SN,杭州帮(永安),3746.0,425.0,3321.0
20260529,SN,外资(高盛+摩根),0.0,0.0,0.0
20260529,SN,主力(国君+东证+中财),12905.0,9450.0,3455.0
20260529,SN,偏产业(金瑞+五矿+光大),1644.0,4091.0,-2447.0
20260601,SN,杭州帮(永安),4792.0,546.0,4246.0
20260601,SN,外资(高盛+摩根),0.0,0.0,0.0
20260601,SN,主力(国君+东证+中财),15598.0,10584.0,5014.0
20260601,SN,偏产业(金瑞+五矿+光大),1838.0,4459.0,-2621.0
20260602,SN,杭州帮(永安),6297.0,485.0,5812.0
20260602,SN,外资(高盛+摩根),0.0,0.0,0.0
20260602,SN,主力(国君+东证+中财),17944.0,12456.0,5488.0
20260602,SN,偏产业(金瑞+五矿+光大),2673.0,5540.0,-2867.0
20260603,SN,杭州帮(永安),6724.0,1498.0,5226.0
20260603,SN,外资(高盛+摩根),0.0,0.0,0.0
20260603,SN,主力(国君+东证+中财),17841.0,12508.0,5333.0
20260603,SN,偏产业(金瑞+五矿+光大),3207.0,5728.0,-2521.0
20260604,SN,杭州帮(永安),5561.0,743.0,4818.0
20260604,SN,外资(高盛+摩根),0.0,0.0,0.0
20260604,SN,主力(国君+东证+中财),16111.0,12264.0,3847.0
20260604,SN,偏产业(金瑞+五矿+光大),2142.0,5279.0,-3137.0
20260605,SN,杭州帮(永安),5197.0,1534.0,3663.0
20260605,SN,外资(高盛+摩根),0.0,0.0,0.0
20260605,SN,主力(国君+东证+中财),13588.0,11551.0,2037.0
20260605,SN,偏产业(金瑞+五矿+光大),3463.0,4963.0,-1500.0
20260608,SN,杭州帮(永安),4293.0,1575.0,2718.0
20260608,SN,外资(高盛+摩根),0.0,0.0,0.0
20260608,SN,主力(国君+东证+中财),12059.0,11635.0,424.0
20260608,SN,偏产业(金瑞+五矿+光大),2298.0,4223.0,-1925.0
20260609,SN,杭州帮(永安),4574.0,1098.0,3476.0
20260609,SN,外资(高盛+摩根),0.0,0.0,0.0
20260609,SN,主力(国君+东证+中财),11992.0,12065.0,-73.0
20260609,SN,偏产业(金瑞+五矿+光大),2379.0,4113.0,-1734.0
20260610,SN,杭州帮(永安),4061.0,1581.0,2480.0
20260610,SN,外资(高盛+摩根),0.0,0.0,0.0
20260610,SN,主力(国君+东证+中财),11421.0,11561.0,-140.0
20260610,SN,偏产业(金瑞+五矿+光大),2721.0,4108.0,-1387.0
20260611,SN,杭州帮(永安),4108.0,1876.0,2232.0
20260611,SN,外资(高盛+摩根),0.0,0.0,0.0
20260611,SN,主力(国君+东证+中财),11799.0,11709.0,90.0
20260611,SN,偏产业(金瑞+五矿+光大),2808.0,3961.0,-1153.0
20260612,SN,杭州帮(永安),4612.0,1665.0,2947.0
20260612,SN,外资(高盛+摩根),0.0,0.0,0.0
20260612,SN,主力(国君+东证+中财),12590.0,11728.0,862.0
20260612,SN,偏产业(金瑞+五矿+光大),3508.0,3566.0,-58.0
20260615,SN,杭州帮(永安),4908.0,1710.0,3198.0
20260615,SN,外资(高盛+摩根),0.0,0.0,0.0
20260615,SN,主力(国君+东证+中财),13570.0,11303.0,2267.0
20260615,SN,偏产业(金瑞+五矿+光大),3899.0,3591.0,308.0
20260616,SN,杭州帮(永安),4573.0,1690.0,2883.0
20260616,SN,外资(高盛+摩根),0.0,0.0,0.0
20260616,SN,主力(国君+东证+中财),12550.0,9642.0,2908.0
20260616,SN,偏产业(金瑞+五矿+光大),2833.0,3401.0,-568.0
20260617,SN,杭州帮(永安),4531.0,1693.0,2838.0
20260617,SN,外资(高盛+摩根),0.0,0.0,0.0
20260617,SN,主力(国君+东证+中财),12511.0,9968.0,2543.0
20260617,SN,偏产业(金瑞+五矿+光大),2629.0,3431.0,-802.0
20260618,SN,杭州帮(永安),4100.0,1485.0,2615.0
20260618,SN,外资(高盛+摩根),0.0,0.0,0.0
20260618,SN,主力(国君+东证+中财),11699.0,8494.0,3205.0
20260618,SN,偏产业(金瑞+五矿+光大),2560.0,3427.0,-867.0
20260622,SN,杭州帮(永安),3964.0,0.0,3964.0
20260622,SN,外资(高盛+摩根),0.0,0.0,0.0
20260622,SN,主力(国君+东证+中财),12656.0,7979.0,4677.0
20260622,SN,偏产业(金瑞+五矿+光大),2339.0,3763.0,-1424.0
20260623,SN,杭州帮(永安),2865.0,1402.0,1463.0
20260623,SN,外资(高盛+摩根),0.0,0.0,0.0
20260623,SN,主力(国君+东证+中财),11467.0,9332.0,2135.0
20260623,SN,偏产业(金瑞+五矿+光大),3219.0,3056.0,163.0
20260624,SN,杭州帮(永安),2861.0,1434.0,1427.0
20260624,SN,外资(高盛+摩根),0.0,0.0,0.0
20260624,SN,主力(国君+东证+中财),10670.0,10854.0,-184.0
20260624,SN,偏产业(金瑞+五矿+光大),3427.0,2582.0,845.0
20260625,SN,杭州帮(永安),3014.0,1387.0,1627.0
20260625,SN,外资(高盛+摩根),0.0,0.0,0.0
20260625,SN,主力(国君+东证+中财),10996.0,9619.0,1377.0
20260625,SN,偏产业(金瑞+五矿+光大),2793.0,3297.0,-504.0
20260626,SN,杭州帮(永安),2876.0,1563.0,1313.0
20260626,SN,外资(高盛+摩根),0.0,0.0,0.0
20260626,SN,主力(国君+东证+中财),10665.0,8854.0,1811.0
20260626,SN,偏产业(金瑞+五矿+光大),2756.0,3232.0,-476.0
20260629,SN,杭州帮(永安),3201.0,1402.0,1799.0
20260629,SN,外资(高盛+摩根),0.0,0.0,0.0
20260629,SN,主力(国君+东证+中财),10303.0,8871.0,1432.0
20260629,SN,偏产业(金瑞+五矿+光大),3253.0,3259.0,-6.0
20260630,SN,杭州帮(永安),3140.0,1357.0,1783.0
20260630,SN,外资(高盛+摩根),0.0,0.0,0.0
20260630,SN,主力(国君+东证+中财),10017.0,8146.0,1871.0
20260630,SN,偏产业(金瑞+五矿+光大),2741.0,3135.0,-394.0
20260701,SN,杭州帮(永安),3132.0,1389.0,1743.0
20260701,SN,外资(高盛+摩根),0.0,0.0,0.0
20260701,SN,主力(国君+东证+中财),10468.0,8923.0,1545.0
20260701,SN,偏产业(金瑞+五矿+光大),2411.0,3128.0,-717.0
20260702,SN,杭州帮(永安),3585.0,1233.0,2352.0
20260702,SN,外资(高盛+摩根),0.0,0.0,0.0
20260702,SN,主力(国君+东证+中财),10396.0,8517.0,1879.0
20260702,SN,偏产业(金瑞+五矿+光大),2240.0,3298.0,-1058.0
20260703,SN,杭州帮(永安),3819.0,886.0,2933.0
20260703,SN,外资(高盛+摩根),0.0,0.0,0.0
20260703,SN,主力(国君+东证+中财),12012.0,8332.0,3680.0
20260703,SN,偏产业(金瑞+五矿+光大),2154.0,3077.0,-923.0
20260706,SN,杭州帮(永安),3885.0,0.0,3885.0
20260706,SN,外资(高盛+摩根),0.0,0.0,0.0
20260706,SN,主力(国君+东证+中财),11603.0,8027.0,3576.0
20260706,SN,偏产业(金瑞+五矿+光大),2274.0,3107.0,-833.0
20260707,SN,杭州帮(永安),3841.0,622.0,3219.0
20260707,SN,外资(高盛+摩根),0.0,0.0,0.0
20260707,SN,主力(国君+东证+中财),11146.0,8249.0,2897.0
20260707,SN,偏产业(金瑞+五矿+光大),2603.0,3199.0,-596.0
20260708,SN,杭州帮(永安),3829.0,771.0,3058.0
20260708,SN,外资(高盛+摩根),0.0,0.0,0.0
20260708,SN,主力(国君+东证+中财),10935.0,8436.0,2499.0
20260708,SN,偏产业(金瑞+五矿+光大),2352.0,3292.0,-940.0
20260709,SN,杭州帮(永安),4704.0,817.0,3887.0
20260709,SN,外资(高盛+摩根),0.0,0.0,0.0
20260709,SN,主力(国君+东证+中财),14962.0,7888.0,7074.0
20260709,SN,偏产业(金瑞+五矿+光大),3352.0,4105.0,-753.0
20260710,SN,杭州帮(永安),5071.0,819.0,4252.0
20260710,SN,外资(高盛+摩根),0.0,0.0,0.0
20260710,SN,主力(国君+东证+中财),14396.0,8297.0,6099.0
20260710,SN,偏产业(金瑞+五矿+光大),3439.0,4108.0,-669.0
20260713,SN,杭州帮(永安),4913.0,846.0,4067.0
20260713,SN,外资(高盛+摩根),0.0,0.0,0.0
20260713,SN,主力(国君+东证+中财),13299.0,9125.0,4174.0
20260713,SN,偏产业(金瑞+五矿+光大),3531.0,4089.0,-558.0
20260714,SN,杭州帮(永安),5156.0,755.0,4401.0
20260714,SN,外资(高盛+摩根),0.0,0.0,0.0
20260714,SN,主力(国君+东证+中财),15108.0,9193.0,5915.0
20260714,SN,偏产业(金瑞+五矿+光大),3040.0,3350.0,-310.0
20260715,SN,杭州帮(永安),5186.0,1367.0,3819.0
20260715,SN,外资(高盛+摩根),0.0,0.0,0.0
20260715,SN,主力(国君+东证+中财),13597.0,9966.0,3631.0
20260715,SN,偏产业(金瑞+五矿+光大),3288.0,3448.0,-160.0
20260716,SN,杭州帮(永安),5078.0,1351.0,3727.0
20260716,SN,外资(高盛+摩根),0.0,0.0,0.0
20260716,SN,主力(国君+东证+中财),13246.0,8327.0,4919.0
20260716,SN,偏产业(金瑞+五矿+光大),3577.0,3073.0,504.0
20260717,SN,杭州帮(永安),4411.0,1651.0,2760.0
20260717,SN,外资(高盛+摩根),0.0,0.0,0.0
20260717,SN,主力(国君+东证+中财),12921.0,8550.0,4371.0
20260717,SN,偏产业(金瑞+五矿+光大),3780.0,2929.0,851.0
20260720,SN,杭州帮(永安),4261.0,1535.0,2726.0
20260720,SN,外资(高盛+摩根),0.0,0.0,0.0
20260720,SN,主力(国君+东证+中财),14604.0,8317.0,6287.0
20260720,SN,偏产业(金瑞+五矿+光大),3263.0,2882.0,381.0
20260721,SN,杭州帮(永安),4458.0,1551.0,2907.0
20260721,SN,外资(高盛+摩根),0.0,0.0,0.0
20260721,SN,主力(国君+东证+中财),16381.0,9044.0,7337.0
20260721,SN,偏产业(金瑞+五矿+光大),3704.0,3190.0,514.0
20260722,SN,杭州帮(永安),4574.0,1626.0,2948.0
20260722,SN,外资(高盛+摩根),0.0,0.0,0.0
20260722,SN,主力(国君+东证+中财),14395.0,9044.0,5351.0
20260722,SN,偏产业(金瑞+五矿+光大),3936.0,3396.0,540.0
20260723,SN,杭州帮(永安),4650.0,1735.0,2915.0
20260723,SN,外资(高盛+摩根),0.0,0.0,0.0
20260723,SN,主力(国君+东证+中财),14665.0,9568.0,5097.0
20260723,SN,偏产业(金瑞+五矿+光大),3399.0,3478.0,-79.0
20260724,SN,杭州帮(永安),4560.0,1674.0,2886.0
20260724,SN,外资(高盛+摩根),0.0,0.0,0.0
20260724,SN,主力(国君+东证+中财),13543.0,9453.0,4090.0
20260724,SN,偏产业(金瑞+五矿+光大),3103.0,3178.0,-75.0
20260727,SN,杭州帮(永安),4900.0,1070.0,3830.0
20260727,SN,外资(高盛+摩根),0.0,0.0,0.0
20260727,SN,主力(国君+东证+中财),15958.0,10367.0,5591.0
20260727,SN,偏产业(金瑞+五矿+光大),2800.0,3104.0,-304.0
20260728,SN,杭州帮(永安),4155.0,1637.0,2518.0
20260728,SN,外资(高盛+摩根),200.0,0.0,200.0
20260728,SN,主力(国君+东证+中财),13569.0,10902.0,2667.0
20260728,SN,偏产业(金瑞+五矿+光大),4093.0,2832.0,1261.0
20260729,SN,杭州帮(永安),4282.0,1016.0,3266.0
20260729,SN,外资(高盛+摩根),202.0,0.0,202.0
20260729,SN,主力(国君+东证+中财),14136.0,9119.0,5017.0
20260729,SN,偏产业(金瑞+五矿+光大),4166.0,3580.0,586.0
20260730,SN,杭州帮(永安),4068.0,1237.0,2831.0
20260730,SN,外资(高盛+摩根),205.0,0.0,205.0
20260730,SN,主力(国君+东证+中财),11972.0,9539.0,2433.0
20260730,SN,偏产业(金瑞+五矿+光大),4393.0,3513.0,880.0
20260731,SN,杭州帮(永安),4925.0,900.0,4025.0
20260731,SN,外资(高盛+摩根),0.0,0.0,0.0
20260731,SN,主力(国君+东证+中财),14425.0,9770.0,4655.0
20260731,SN,偏产业(金瑞+五矿+光大),3792.0,3930.0,-138.0
20260803,SN,杭州帮(永安),4890.0,881.0,4009.0
20260803,SN,外资(高盛+摩根),0.0,0.0,0.0
20260803,SN,主力(国君+东证+中财),14799.0,10272.0,4527.0
20260803,SN,偏产业(金瑞+五矿+光大),4248.0,3972.0,276.0
20260804,SN,杭州帮(永安),5118.0,980.0,4138.0
20260804,SN,外资(高盛+摩根),314.0,0.0,314.0
20260804,SN,主力(国君+东证+中财),16025.0,10825.0,5200.0
20260804,SN,偏产业(金瑞+五矿+光大),3415.0,4310.0,-895.0
20260805,SN,杭州帮(永安),5547.0,1067.0,4480.0
20260805,SN,外资(高盛+摩根),315.0,0.0,315.0
20260805,SN,主力(国君+东证+中财),19243.0,12614.0,6629.0
20260805,SN,偏产业(金瑞+五矿+光大),3484.0,5249.0,-1765.0
20260806,SN,杭州帮(永安),5461.0,968.0,4493.0
20260806,SN,外资(高盛+摩根),319.0,0.0,319.0
20260806,SN,主力(国君+东证+中财),17630.0,12680.0,4950.0
20260806,SN,偏产业(金瑞+五矿+光大),3926.0,5235.0,-1309.0
20260807,SN,杭州帮(永安),5517.0,938.0,4579.0
20260807,SN,外资(高盛+摩根),327.0,0.0,327.0
20260807,SN,主力(国君+东证+中财),17911.0,13163.0,4748.0
20260807,SN,偏产业(金瑞+五矿+光大),4063.0,4865.0,-802.0
20260810,SN,杭州帮(永安),4920.0,1341.0,3579.0
20260810,SN,外资(高盛+摩根),327.0,0.0,327.0
20260810,SN,主力(国君+东证+中财),16786.0,13260.0,3526.0
20260810,SN,偏产业(金瑞+五矿+光大),4035.0,4817.0,-782.0
20260811,SN,杭州帮(永安),4792.0,1480.0,3312.0
20260811,SN,外资(高盛+摩根),410.0,0.0,410.0
20260811,SN,主力(国君+东证+中财),16207.0,12910.0,3297.0
20260811,SN,偏产业(金瑞+五矿+光大),5267.0,4436.0,831.0
20260812,SN,杭州帮(永安),4913.0,1986.0,2927.0
20260812,SN,外资(高盛+摩根),418.0,0.0,418.0
20260812,SN,主力(国君+东证+中财),16040.0,12126.0,3914.0
20260812,SN,偏产业(金瑞+五矿+光大),4592.0,4871.0,-279.0
20260813,SN,杭州帮(永安),4711.0,2044.0,2667.0
20260813,SN,外资(高盛+摩根),420.0,0.0,420.0
20260813,SN,主力(国君+东证+中财),14832.0,12820.0,2012.0
20260813,SN,偏产业(金瑞+五矿+光大),4298.0,4306.0,-8.0
20260814,SN,杭州帮(永安),4610.0,2153.0,2457.0
20260814,SN,外资(高盛+摩根),420.0,0.0,420.0
20260814,SN,主力(国君+东证+中财),15001.0,11874.0,3127.0
20260814,SN,偏产业(金瑞+五矿+光大),4172.0,4280.0,-108.0
20260817,SN,杭州帮(永安),4575.0,2095.0,2480.0
20260817,SN,外资(高盛+摩根),409.0,0.0,409.0
20260817,SN,主力(国君+东证+中财),15511.0,11336.0,4175.0
20260817,SN,偏产业(金瑞+五矿+光大),2781.0,4339.0,-1558.0
20260818,SN,杭州帮(永安),4383.0,2196.0,2187.0
20260818,SN,外资(高盛+摩根),403.0,0.0,403.0
20260818,SN,主力(国君+东证+中财),14138.0,11273.0,2865.0
20260818,SN,偏产业(金瑞+五矿+光大),2629.0,4006.0,-1377.0
20260819,SN,杭州帮(永安),3372.0,965.0,2407.0
20260819,SN,外资(高盛+摩根),461.0,0.0,461.0
20260819,SN,主力(国君+东证+中财),12725.0,10487.0,2238.0
20260819,SN,偏产业(金瑞+五矿+光大),2729.0,3899.0,-1170.0
20260820,SN,杭州帮(永安),3316.0,917.0,2399.0
20260820,SN,外资(高盛+摩根),461.0,0.0,461.0
20260820,SN,主力(国君+东证+中财),13630.0,9532.0,4098.0
20260820,SN,偏产业(金瑞+五矿+光大),2640.0,3928.0,-1288.0
20260821,SN,杭州帮(永安),3327.0,880.0,2447.0
20260821,SN,外资(高盛+摩根),0.0,0.0,0.0
20260821,SN,主力(国君+东证+中财),14492.0,9918.0,4574.0
20260821,SN,偏产业(金瑞+五矿+光大),3225.0,3985.0,-760.0
20260514,ZN,杭州帮(永安),2414.0,1788.0,626.0
20260514,ZN,外资(高盛+摩根),13062.0,3968.0,9094.0
20260514,ZN,主力(国君+东证+中财),37756.0,16826.0,20930.0
20260514,ZN,偏产业(金瑞+五矿+光大),1541.0,9604.0,-8063.0
20260515,ZN,杭州帮(永安),2575.0,2163.0,412.0
20260515,ZN,外资(高盛+摩根),13585.0,4733.0,8852.0
20260515,ZN,主力(国君+东证+中财),36228.0,17037.0,19191.0
20260515,ZN,偏产业(金瑞+五矿+光大),1629.0,7862.0,-6233.0
20260518,ZN,杭州帮(永安),2530.0,3334.0,-804.0
20260518,ZN,外资(高盛+摩根),13534.0,4433.0,9101.0
20260518,ZN,主力(国君+东证+中财),34746.0,15283.0,19463.0
20260518,ZN,偏产业(金瑞+五矿+光大),1579.0,7266.0,-5687.0
20260519,ZN,杭州帮(永安),2470.0,2902.0,-432.0
20260519,ZN,外资(高盛+摩根),13797.0,5403.0,8394.0
20260519,ZN,主力(国君+东证+中财),33296.0,13868.0,19428.0
20260519,ZN,偏产业(金瑞+五矿+光大),1358.0,8219.0,-6861.0
20260520,ZN,杭州帮(永安),2254.0,3081.0,-827.0
20260520,ZN,外资(高盛+摩根),13964.0,5458.0,8506.0
20260520,ZN,主力(国君+东证+中财),35660.0,15283.0,20377.0
20260520,ZN,偏产业(金瑞+五矿+光大),2223.0,8800.0,-6577.0
20260521,ZN,杭州帮(永安),2380.0,1546.0,834.0
20260521,ZN,外资(高盛+摩根),14850.0,2683.0,12167.0
20260521,ZN,主力(国君+东证+中财),35824.0,16215.0,19609.0
20260521,ZN,偏产业(金瑞+五矿+光大),2118.0,8805.0,-6687.0
20260522,ZN,杭州帮(永安),1823.0,1444.0,379.0
20260522,ZN,外资(高盛+摩根),15027.0,3234.0,11793.0
20260522,ZN,主力(国君+东证+中财),34559.0,16432.0,18127.0
20260522,ZN,偏产业(金瑞+五矿+光大),2165.0,8615.0,-6450.0
20260525,ZN,杭州帮(永安),2378.0,3036.0,-658.0
20260525,ZN,外资(高盛+摩根),15104.0,3310.0,11794.0
20260525,ZN,主力(国君+东证+中财),35271.0,16011.0,19260.0
20260525,ZN,偏产业(金瑞+五矿+光大),1689.0,4304.0,-2615.0
20260526,ZN,杭州帮(永安),2160.0,3194.0,-1034.0
20260526,ZN,外资(高盛+摩根),0.0,0.0,0.0
20260526,ZN,主力(国君+东证+中财),34862.0,15460.0,19402.0
20260526,ZN,偏产业(金瑞+五矿+光大),1103.0,6785.0,-5682.0
20260527,ZN,杭州帮(永安),1954.0,1017.0,937.0
20260527,ZN,外资(高盛+摩根),0.0,2367.0,-2367.0
20260527,ZN,主力(国君+东证+中财),34040.0,17034.0,17006.0
20260527,ZN,偏产业(金瑞+五矿+光大),987.0,6998.0,-6011.0
20260528,ZN,杭州帮(永安),3057.0,1213.0,1844.0
20260528,ZN,外资(高盛+摩根),0.0,2367.0,-2367.0
20260528,ZN,主力(国君+东证+中财),37015.0,20432.0,16583.0
20260528,ZN,偏产业(金瑞+五矿+光大),2453.0,8938.0,-6485.0
20260529,ZN,杭州帮(永安),3039.0,375.0,2664.0
20260529,ZN,外资(高盛+摩根),0.0,1767.0,-1767.0
20260529,ZN,主力(国君+东证+中财),38672.0,19405.0,19267.0
20260529,ZN,偏产业(金瑞+五矿+光大),2013.0,9710.0,-7697.0
20260601,ZN,杭州帮(永安),3002.0,1288.0,1714.0
20260601,ZN,外资(高盛+摩根),0.0,2062.0,-2062.0
20260601,ZN,主力(国君+东证+中财),37860.0,20231.0,17629.0
20260601,ZN,偏产业(金瑞+五矿+光大),1943.0,8284.0,-6341.0
20260602,ZN,杭州帮(永安),2822.0,1344.0,1478.0
20260602,ZN,外资(高盛+摩根),0.0,1824.0,-1824.0
20260602,ZN,主力(国君+东证+中财),40783.0,18913.0,21870.0
20260602,ZN,偏产业(金瑞+五矿+光大),1874.0,9460.0,-7586.0
20260603,ZN,杭州帮(永安),2926.0,400.0,2526.0
20260603,ZN,外资(高盛+摩根),0.0,0.0,0.0
20260603,ZN,主力(国君+东证+中财),40956.0,18130.0,22826.0
20260603,ZN,偏产业(金瑞+五矿+光大),355.0,9472.0,-9117.0
20260604,ZN,杭州帮(永安),3009.0,394.0,2615.0
20260604,ZN,外资(高盛+摩根),0.0,1900.0,-1900.0
20260604,ZN,主力(国君+东证+中财),37638.0,19645.0,17993.0
20260604,ZN,偏产业(金瑞+五矿+光大),2052.0,9028.0,-6976.0
20260605,ZN,杭州帮(永安),2972.0,388.0,2584.0
20260605,ZN,外资(高盛+摩根),0.0,1709.0,-1709.0
20260605,ZN,主力(国君+东证+中财),36149.0,20012.0,16137.0
20260605,ZN,偏产业(金瑞+五矿+光大),2096.0,9044.0,-6948.0
20260608,ZN,杭州帮(永安),2948.0,1918.0,1030.0
20260608,ZN,外资(高盛+摩根),0.0,0.0,0.0
20260608,ZN,主力(国君+东证+中财),36402.0,20008.0,16394.0
20260608,ZN,偏产业(金瑞+五矿+光大),2086.0,7602.0,-5516.0
20260609,ZN,杭州帮(永安),1798.0,2991.0,-1193.0
20260609,ZN,外资(高盛+摩根),0.0,0.0,0.0
20260609,ZN,主力(国君+东证+中财),35772.0,19897.0,15875.0
20260609,ZN,偏产业(金瑞+五矿+光大),2239.0,7637.0,-5398.0
20260610,ZN,杭州帮(永安),1571.0,3206.0,-1635.0
20260610,ZN,外资(高盛+摩根),0.0,0.0,0.0
20260610,ZN,主力(国君+东证+中财),35402.0,19719.0,15683.0
20260610,ZN,偏产业(金瑞+五矿+光大),2035.0,7654.0,-5619.0
20260611,ZN,杭州帮(永安),2612.0,3888.0,-1276.0
20260611,ZN,外资(高盛+摩根),0.0,0.0,0.0
20260611,ZN,主力(国君+东证+中财),33736.0,22202.0,11534.0
20260611,ZN,偏产业(金瑞+五矿+光大),2503.0,7502.0,-4999.0
20260612,ZN,杭州帮(永安),913.0,3770.0,-2857.0
20260612,ZN,外资(高盛+摩根),0.0,0.0,0.0
20260612,ZN,主力(国君+东证+中财),35382.0,20462.0,14920.0
20260612,ZN,偏产业(金瑞+五矿+光大),2676.0,7199.0,-4523.0
20260615,ZN,杭州帮(永安),1899.0,3372.0,-1473.0
20260615,ZN,外资(高盛+摩根),0.0,1435.0,-1435.0
20260615,ZN,主力(国君+东证+中财),37618.0,18860.0,18758.0
20260615,ZN,偏产业(金瑞+五矿+光大),3038.0,8499.0,-5461.0
20260616,ZN,杭州帮(永安),1130.0,3490.0,-2360.0
20260616,ZN,外资(高盛+摩根),0.0,1435.0,-1435.0
20260616,ZN,主力(国君+东证+中财),35736.0,17513.0,18223.0
20260616,ZN,偏产业(金瑞+五矿+光大),2145.0,8067.0,-5922.0
20260617,ZN,杭州帮(永安),1711.0,2068.0,-357.0
20260617,ZN,外资(高盛+摩根),0.0,1435.0,-1435.0
20260617,ZN,主力(国君+东证+中财),37147.0,16035.0,21112.0
20260617,ZN,偏产业(金瑞+五矿+光大),1876.0,8180.0,-6304.0
20260618,ZN,杭州帮(永安),1185.0,2117.0,-932.0
20260618,ZN,外资(高盛+摩根),0.0,0.0,0.0
20260618,ZN,主力(国君+东证+中财),36266.0,15353.0,20913.0
20260618,ZN,偏产业(金瑞+五矿+光大),1688.0,8529.0,-6841.0
20260622,ZN,杭州帮(永安),1368.0,1785.0,-417.0
20260622,ZN,外资(高盛+摩根),0.0,1482.0,-1482.0
20260622,ZN,主力(国君+东证+中财),37208.0,15542.0,21666.0
20260622,ZN,偏产业(金瑞+五矿+光大),1591.0,8307.0,-6716.0
20260623,ZN,杭州帮(永安),0.0,1899.0,-1899.0
20260623,ZN,外资(高盛+摩根),0.0,0.0,0.0
20260623,ZN,主力(国君+东证+中财),34709.0,15756.0,18953.0
20260623,ZN,偏产业(金瑞+五矿+光大),1533.0,8603.0,-7070.0
20260624,ZN,杭州帮(永安),549.0,2349.0,-1800.0
20260624,ZN,外资(高盛+摩根),0.0,0.0,0.0
20260624,ZN,主力(国君+东证+中财),33910.0,17672.0,16238.0
20260624,ZN,偏产业(金瑞+五矿+光大),1354.0,6248.0,-4894.0
20260625,ZN,杭州帮(永安),642.0,3027.0,-2385.0
20260625,ZN,外资(高盛+摩根),0.0,0.0,0.0
20260625,ZN,主力(国君+东证+中财),32251.0,18782.0,13469.0
20260625,ZN,偏产业(金瑞+五矿+光大),1286.0,4146.0,-2860.0
20260626,ZN,杭州帮(永安),2201.0,3350.0,-1149.0
20260626,ZN,外资(高盛+摩根),0.0,0.0,0.0
20260626,ZN,主力(国君+东证+中财),31283.0,20439.0,10844.0
20260626,ZN,偏产业(金瑞+五矿+光大),2040.0,3238.0,-1198.0
20260629,ZN,杭州帮(永安),1192.0,3366.0,-2174.0
20260629,ZN,外资(高盛+摩根),0.0,0.0,0.0
20260629,ZN,主力(国君+东证+中财),31643.0,18751.0,12892.0
20260629,ZN,偏产业(金瑞+五矿+光大),1756.0,3130.0,-1374.0
20260630,ZN,杭州帮(永安),2369.0,3286.0,-917.0
20260630,ZN,外资(高盛+摩根),0.0,0.0,0.0
20260630,ZN,主力(国君+东证+中财),32213.0,16842.0,15371.0
20260630,ZN,偏产业(金瑞+五矿+光大),1863.0,4044.0,-2181.0
20260701,ZN,杭州帮(永安),2357.0,3174.0,-817.0
20260701,ZN,外资(高盛+摩根),0.0,0.0,0.0
20260701,ZN,主力(国君+东证+中财),33913.0,16080.0,17833.0
20260701,ZN,偏产业(金瑞+五矿+光大),1758.0,5461.0,-3703.0
20260702,ZN,杭州帮(永安),2348.0,3266.0,-918.0
20260702,ZN,外资(高盛+摩根),0.0,0.0,0.0
20260702,ZN,主力(国君+东证+中财),31131.0,17540.0,13591.0
20260702,ZN,偏产业(金瑞+五矿+光大),1818.0,5401.0,-3583.0
20260703,ZN,杭州帮(永安),2422.0,3236.0,-814.0
20260703,ZN,外资(高盛+摩根),0.0,0.0,0.0
20260703,ZN,主力(国君+东证+中财),30503.0,17254.0,13249.0
20260703,ZN,偏产业(金瑞+五矿+光大),1721.0,5483.0,-3762.0
20260706,ZN,杭州帮(永安),1149.0,2256.0,-1107.0
20260706,ZN,外资(高盛+摩根),0.0,0.0,0.0
20260706,ZN,主力(国君+东证+中财),31364.0,15804.0,15560.0
20260706,ZN,偏产业(金瑞+五矿+光大),1771.0,6813.0,-5042.0
20260707,ZN,杭州帮(永安),987.0,2183.0,-1196.0
20260707,ZN,外资(高盛+摩根),914.0,0.0,914.0
20260707,ZN,主力(国君+东证+中财),32725.0,16405.0,16320.0
20260707,ZN,偏产业(金瑞+五矿+光大),1800.0,7773.0,-5973.0
20260708,ZN,杭州帮(永安),993.0,2111.0,-1118.0
20260708,ZN,外资(高盛+摩根),913.0,0.0,913.0
20260708,ZN,主力(国君+东证+中财),30878.0,15956.0,14922.0
20260708,ZN,偏产业(金瑞+五矿+光大),1738.0,7314.0,-5576.0
20260709,ZN,杭州帮(永安),1020.0,1757.0,-737.0
20260709,ZN,外资(高盛+摩根),803.0,0.0,803.0
20260709,ZN,主力(国君+东证+中财),34688.0,15214.0,19474.0
20260709,ZN,偏产业(金瑞+五矿+光大),1501.0,7291.0,-5790.0
20260710,ZN,杭州帮(永安),1093.0,1808.0,-715.0
20260710,ZN,外资(高盛+摩根),1421.0,0.0,1421.0
20260710,ZN,主力(国君+东证+中财),37852.0,16052.0,21800.0
20260710,ZN,偏产业(金瑞+五矿+光大),3862.0,8527.0,-4665.0
20260713,ZN,杭州帮(永安),2106.0,0.0,2106.0
20260713,ZN,外资(高盛+摩根),1421.0,0.0,1421.0
20260713,ZN,主力(国君+东证+中财),34284.0,16632.0,17652.0
20260713,ZN,偏产业(金瑞+五矿+光大),3576.0,9110.0,-5534.0
20260714,ZN,杭州帮(永安),1135.0,0.0,1135.0
20260714,ZN,外资(高盛+摩根),0.0,0.0,0.0
20260714,ZN,主力(国君+东证+中财),33807.0,16409.0,17398.0
20260714,ZN,偏产业(金瑞+五矿+光大),2803.0,8497.0,-5694.0
20260715,ZN,杭州帮(永安),1190.0,0.0,1190.0
20260715,ZN,外资(高盛+摩根),0.0,0.0,0.0
20260715,ZN,主力(国君+东证+中财),34289.0,17528.0,16761.0
20260715,ZN,偏产业(金瑞+五矿+光大),2949.0,9388.0,-6439.0
20260716,ZN,杭州帮(永安),2064.0,1396.0,668.0
20260716,ZN,外资(高盛+摩根),0.0,0.0,0.0
20260716,ZN,主力(国君+东证+中财),32284.0,19187.0,13097.0
20260716,ZN,偏产业(金瑞+五矿+光大),2883.0,8653.0,-5770.0
20260717,ZN,杭州帮(永安),1922.0,2862.0,-940.0
20260717,ZN,外资(高盛+摩根),0.0,0.0,0.0
20260717,ZN,主力(国君+东证+中财),31394.0,21156.0,10238.0
20260717,ZN,偏产业(金瑞+五矿+光大),3259.0,8068.0,-4809.0
20260720,ZN,杭州帮(永安),1880.0,3286.0,-1406.0
20260720,ZN,外资(高盛+摩根),0.0,0.0,0.0
20260720,ZN,主力(国君+东证+中财),32467.0,19951.0,12516.0
20260720,ZN,偏产业(金瑞+五矿+光大),3036.0,7283.0,-4247.0
20260721,ZN,杭州帮(永安),1967.0,1208.0,759.0
20260721,ZN,外资(高盛+摩根),0.0,0.0,0.0
20260721,ZN,主力(国君+东证+中财),33911.0,18991.0,14920.0
20260721,ZN,偏产业(金瑞+五矿+光大),2090.0,5344.0,-3254.0
20260722,ZN,杭州帮(永安),1794.0,1340.0,454.0
20260722,ZN,外资(高盛+摩根),0.0,0.0,0.0
20260722,ZN,主力(国君+东证+中财),34798.0,18271.0,16527.0
20260722,ZN,偏产业(金瑞+五矿+光大),785.0,7593.0,-6808.0
20260723,ZN,杭州帮(永安),2024.0,1312.0,712.0
20260723,ZN,外资(高盛+摩根),1778.0,0.0,1778.0
20260723,ZN,主力(国君+东证+中财),38099.0,17405.0,20694.0
20260723,ZN,偏产业(金瑞+五矿+光大),822.0,7415.0,-6593.0
20260724,ZN,杭州帮(永安),1805.0,1300.0,505.0
20260724,ZN,外资(高盛+摩根),1959.0,0.0,1959.0
20260724,ZN,主力(国君+东证+中财),35345.0,17903.0,17442.0
20260724,ZN,偏产业(金瑞+五矿+光大),1160.0,7053.0,-5893.0
20260727,ZN,杭州帮(永安),464.0,1686.0,-1222.0
20260727,ZN,外资(高盛+摩根),2166.0,0.0,2166.0
20260727,ZN,主力(国君+东证+中财),34761.0,18568.0,16193.0
20260727,ZN,偏产业(金瑞+五矿+光大),2585.0,6124.0,-3539.0
20260728,ZN,杭州帮(永安),484.0,1660.0,-1176.0
20260728,ZN,外资(高盛+摩根),2381.0,0.0,2381.0
20260728,ZN,主力(国君+东证+中财),34245.0,18492.0,15753.0
20260728,ZN,偏产业(金瑞+五矿+光大),1174.0,6737.0,-5563.0
20260729,ZN,杭州帮(永安),919.0,3459.0,-2540.0
20260729,ZN,外资(高盛+摩根),2293.0,0.0,2293.0
20260729,ZN,主力(国君+东证+中财),30805.0,17976.0,12829.0
20260729,ZN,偏产业(金瑞+五矿+光大),2724.0,6666.0,-3942.0
20260730,ZN,杭州帮(永安),967.0,3184.0,-2217.0
20260730,ZN,外资(高盛+摩根),2293.0,0.0,2293.0
20260730,ZN,主力(国君+东证+中财),31265.0,19292.0,11973.0
20260730,ZN,偏产业(金瑞+五矿+光大),2836.0,7411.0,-4575.0
20260731,ZN,杭州帮(永安),1131.0,3014.0,-1883.0
20260731,ZN,外资(高盛+摩根),2496.0,0.0,2496.0
20260731,ZN,主力(国君+东证+中财),32603.0,18755.0,13848.0
20260731,ZN,偏产业(金瑞+五矿+光大),3040.0,8977.0,-5937.0
20260803,ZN,杭州帮(永安),4949.0,1942.0,3007.0
20260803,ZN,外资(高盛+摩根),2722.0,0.0,2722.0
20260803,ZN,主力(国君+东证+中财),44516.0,18881.0,25635.0
20260803,ZN,偏产业(金瑞+五矿+光大),3647.0,9146.0,-5499.0
20260804,ZN,杭州帮(永安),3379.0,3729.0,-350.0
20260804,ZN,外资(高盛+摩根),2293.0,0.0,2293.0
20260804,ZN,主力(国君+东证+中财),42270.0,23328.0,18942.0
20260804,ZN,偏产业(金瑞+五矿+光大),4924.0,7583.0,-2659.0
20260805,ZN,杭州帮(永安),4252.0,2040.0,2212.0
20260805,ZN,外资(高盛+摩根),2593.0,0.0,2593.0
20260805,ZN,主力(国君+东证+中财),41402.0,24078.0,17324.0
20260805,ZN,偏产业(金瑞+五矿+光大),3310.0,8695.0,-5385.0
20260806,ZN,杭州帮(永安),4694.0,2371.0,2323.0
20260806,ZN,外资(高盛+摩根),2588.0,0.0,2588.0
20260806,ZN,主力(国君+东证+中财),42729.0,20246.0,22483.0
20260806,ZN,偏产业(金瑞+五矿+光大),5663.0,9671.0,-4008.0
20260807,ZN,杭州帮(永安),5731.0,2695.0,3036.0
20260807,ZN,外资(高盛+摩根),952.0,0.0,952.0
20260807,ZN,主力(国君+东证+中财),44101.0,20976.0,23125.0
20260807,ZN,偏产业(金瑞+五矿+光大),5785.0,9842.0,-4057.0
20260810,ZN,杭州帮(永安),5173.0,2930.0,2243.0
20260810,ZN,外资(高盛+摩根),1006.0,0.0,1006.0
20260810,ZN,主力(国君+东证+中财),42575.0,22585.0,19990.0
20260810,ZN,偏产业(金瑞+五矿+光大),5570.0,9414.0,-3844.0
20260811,ZN,杭州帮(永安),4800.0,2379.0,2421.0
20260811,ZN,外资(高盛+摩根),0.0,0.0,0.0
20260811,ZN,主力(国君+东证+中财),41137.0,20559.0,20578.0
20260811,ZN,偏产业(金瑞+五矿+光大),5496.0,9923.0,-4427.0
20260812,ZN,杭州帮(永安),4793.0,2657.0,2136.0
20260812,ZN,外资(高盛+摩根),1093.0,0.0,1093.0
20260812,ZN,主力(国君+东证+中财),40779.0,19550.0,21229.0
20260812,ZN,偏产业(金瑞+五矿+光大),5466.0,10098.0,-4632.0
20260813,ZN,杭州帮(永安),4684.0,2734.0,1950.0
20260813,ZN,外资(高盛+摩根),1135.0,0.0,1135.0
20260813,ZN,主力(国君+东证+中财),41394.0,21676.0,19718.0
20260813,ZN,偏产业(金瑞+五矿+光大),3422.0,10058.0,-6636.0
20260814,ZN,杭州帮(永安),4645.0,2992.0,1653.0
20260814,ZN,外资(高盛+摩根),1211.0,0.0,1211.0
20260814,ZN,主力(国君+东证+中财),41251.0,22646.0,18605.0
20260814,ZN,偏产业(金瑞+五矿+光大),3706.0,10555.0,-6849.0
20260817,ZN,杭州帮(永安),5018.0,3239.0,1779.0
20260817,ZN,外资(高盛+摩根),0.0,0.0,0.0
20260817,ZN,主力(国君+东证+中财),43088.0,26036.0,17052.0
20260817,ZN,偏产业(金瑞+五矿+光大),3767.0,11133.0,-7366.0
20260818,ZN,杭州帮(永安),3834.0,2990.0,844.0
20260818,ZN,外资(高盛+摩根),1654.0,0.0,1654.0
20260818,ZN,主力(国君+东证+中财),41202.0,23824.0,17378.0
20260818,ZN,偏产业(金瑞+五矿+光大),3925.0,10422.0,-6497.0
20260819,ZN,杭州帮(永安),2875.0,3888.0,-1013.0
20260819,ZN,外资(高盛+摩根),1847.0,0.0,1847.0
20260819,ZN,主力(国君+东证+中财),38314.0,21589.0,16725.0
20260819,ZN,偏产业(金瑞+五矿+光大),2099.0,11415.0,-9316.0
20260820,ZN,杭州帮(永安),2815.0,3149.0,-334.0
20260820,ZN,外资(高盛+摩根),2174.0,0.0,2174.0
20260820,ZN,主力(国君+东证+中财),38391.0,22817.0,15574.0
20260820,ZN,偏产业(金瑞+五矿+光大),2111.0,10740.0,-8629.0
20260821,ZN,杭州帮(永安),2920.0,2640.0,280.0
20260821,ZN,外资(高盛+摩根),2362.0,0.0,2362.0
20260821,ZN,主力(国君+东证+中财),40985.0,22341.0,18644.0
20260821,ZN,偏产业(金瑞+五矿+光大),1924.0,11129.0,-9205.0
